putanja,folder,fajl,w,h,orijentacija,KB
"C:/Miroslav/Antas line/16665733_1044836098993549_7350006657505937178_o.jpg",.,16665733_1044836098993549_7350006657505937178_o.jpg,1600,1200,landscape,227
"C:/Miroslav/Antas line/228021035_2499558246854653_3441638177103864155_n.jpg",.,228021035_2499558246854653_3441638177103864155_n.jpg,960,720,landscape,52
"C:/Miroslav/Antas line/antasline logo stari.jpg",.,"antasline logo stari.jpg",515,515,kvadrat,62
"C:/Miroslav/Antas line/antistatik podovi/ESD POD SLIKA.jpg","antistatik podovi","ESD POD SLIKA.jpg",489,335,landscape,29
"C:/Miroslav/Antas line/antistatik podovi/naelektrisanje-kose.jpg","antistatik podovi",naelektrisanje-kose.jpg,379,400,portrait,30
"C:/Miroslav/Antas line/bazeni/Bazen BIH - bergo flooring.jpg",bazeni,"Bazen BIH - bergo flooring.jpg",960,640,landscape,71
"C:/Miroslav/Antas line/bazeni/bergo - bazen.jpg",bazeni,"bergo - bazen.jpg",872,872,kvadrat,216
"C:/Miroslav/Antas line/bazeni/bergo - bazen3.jpg",bazeni,"bergo - bazen3.jpg",778,583,landscape,93
"C:/Miroslav/Antas line/bazeni/bergo podloga za baste.jpg",bazeni,"bergo podloga za baste.jpg",960,740,landscape,201
"C:/Miroslav/Antas line/bazeni/Bergo podovi.jpg",bazeni,"Bergo podovi.jpg",960,720,landscape,89
"C:/Miroslav/Antas line/bazeni/Bergo_dok.jpg",bazeni,Bergo_dok.jpg,2448,3264,portrait,1842
"C:/Miroslav/Antas line/bazeni/Bergo_Unique (1).jpeg",bazeni,"Bergo_Unique (1).jpeg",1536,2048,portrait,579
"C:/Miroslav/Antas line/bazeni/Bergo_Unique (12).jpg",bazeni,"Bergo_Unique (12).jpg",3072,4608,portrait,1482
"C:/Miroslav/Antas line/bazeni/e_136-3.jpg",bazeni,e_136-3.jpg,1360,989,landscape,189
"C:/Miroslav/Antas line/bazeni/e_143-1.jpg",bazeni,e_143-1.jpg,1360,989,landscape,183
"C:/Miroslav/Antas line/bazeni/e_154-1.jpg",bazeni,e_154-1.jpg,1360,989,landscape,131
"C:/Miroslav/Antas line/bazeni/neklizajuce-podne-obloge-oko-bazena.jpg",bazeni,neklizajuce-podne-obloge-oko-bazena.jpg,750,421,landscape,101
"C:/Miroslav/Antas line/bazeni/Pod za bazene 2.jpg",bazeni,"Pod za bazene 2.jpg",900,900,kvadrat,713
"C:/Miroslav/Antas line/BERGO-POMOCNI.jpg",.,BERGO-POMOCNI.jpg,960,720,landscape,122
"C:/Miroslav/Antas line/blog/Ecotile 500-7 magacin orange.jpg",blog,"Ecotile 500-7 magacin orange.jpg",1093,820,landscape,169
"C:/Miroslav/Antas line/blog/ecotile 500-7 magacin7.jpg",blog,"ecotile 500-7 magacin7.jpg",1280,960,landscape,249
"C:/Miroslav/Antas line/blog/ecotile 5005 super market.jpg",blog,"ecotile 5005 super market.jpg",1280,1707,portrait,182
"C:/Miroslav/Antas line/blog/ecotile magacin 7mm 2.jpg",blog,"ecotile magacin 7mm 2.jpg",1093,820,landscape,127
"C:/Miroslav/Antas line/blog/ecotile magacin 7mm.jpg",blog,"ecotile magacin 7mm.jpg",1093,820,landscape,140
"C:/Miroslav/Antas line/blog/expona clic dezeni.jpg",blog,"expona clic dezeni.jpg",886,534,landscape,158
"C:/Miroslav/Antas line/blog/expona clic.jpg",blog,"expona clic.jpg",1140,368,landscape,74
"C:/Miroslav/Antas line/blog/montaza.jpg",blog,montaza.jpg,1024,683,landscape,180
"C:/Miroslav/Antas line/blog/Ocsial montaza 2-1.jpg",blog,"Ocsial montaza 2-1.jpg",1600,1200,landscape,203
"C:/Miroslav/Antas line/blog/Ocsial montaza 5.jpg",blog,"Ocsial montaza 5.jpg",1600,1200,landscape,194
"C:/Miroslav/Antas line/blog/pakeraj.jpg",blog,pakeraj.jpg,720,541,landscape,77
"C:/Miroslav/Antas line/blog/pod za komercijalni objekat 3.jpg",blog,"pod za komercijalni objekat 3.jpg",768,389,landscape,81
"C:/Miroslav/Antas line/blog/podna obloga preko ostecene podloge u stampariji.jpg",blog,"podna obloga preko ostecene podloge u stampariji.jpg",1328,747,landscape,219
"C:/Miroslav/Antas line/blog/podovi za magacine klik sistem.jpg",blog,"podovi za magacine klik sistem.jpg",1500,938,landscape,195
"C:/Miroslav/Antas line/blog/podovi za magacine.jpg",blog,"podovi za magacine.jpg",1500,938,landscape,158
"C:/Miroslav/Antas line/blog/postavka poda preko postojece podloge.jpg",blog,"postavka poda preko postojece podloge.jpg",1536,1020,landscape,183
"C:/Miroslav/Antas line/blog/pvc industrijski podovi.jpg",blog,"pvc industrijski podovi.jpg",1536,1020,landscape,168
"C:/Miroslav/Antas line/blog/pvc podne ploce.jpg",blog,"pvc podne ploce.jpg",2480,1599,landscape,195
"C:/Miroslav/Antas line/blog/r tek podovi.jpg",blog,"r tek podovi.jpg",1200,900,landscape,298
"C:/Miroslav/Antas line/blog/Rober Bosch Simanovci - ESD podloga3.jpg",blog,"Rober Bosch Simanovci - ESD podloga3.jpg",1600,1200,landscape,231
"C:/Miroslav/Antas line/blog/sta staviti preko postojeceg poda ecotile.jpg",blog,"sta staviti preko postojeceg poda ecotile.jpg",1280,960,landscape,167
"C:/Miroslav/Antas line/blog/sta staviti preko postojeceg poda.jpg",blog,"sta staviti preko postojeceg poda.jpg",1600,1200,landscape,306
"C:/Miroslav/Antas line/blog/x500 kopca.jpg",blog,"x500 kopca.jpg",403,479,portrait,65
"C:/Miroslav/Antas line/bojnik-hladnjaca.jpg",.,bojnik-hladnjaca.jpg,1210,908,landscape,303
"C:/Miroslav/Antas line/dcbd774b-d80f-4fa9-b19d-5e15e6781d78.webp",.,dcbd774b-d80f-4fa9-b19d-5e15e6781d78.webp,1440,1200,landscape,133
"C:/Miroslav/Antas line/IPC-K2MP-5H1WE_01.png",.,IPC-K2MP-5H1WE_01.png,500,499,landscape,88
"C:/Miroslav/Antas line/kljucne reci tf idf.png",.,"kljucne reci tf idf.png",5107,340,landscape,31
"C:/Miroslav/Antas line/kontakt-pozadina.jpg",.,kontakt-pozadina.jpg,1920,441,landscape,11
"C:/Miroslav/Antas line/Logo/ANTAS LINE FINAL LOGO SQUARE BELI TEKST.webp",Logo,"ANTAS LINE FINAL LOGO SQUARE BELI TEKST.webp",300,300,kvadrat,5
"C:/Miroslav/Antas line/Logo/ANTAS LINE FINAL LOGO us.webp",Logo,"ANTAS LINE FINAL LOGO us.webp",73,86,portrait,2
"C:/Miroslav/Antas line/Logo/ANTAS LINE logo beli.webp",Logo,"ANTAS LINE logo beli.webp",100,100,kvadrat,2
"C:/Miroslav/Antas line/Logo/ANTAS LINE LOGO.webp",Logo,"ANTAS LINE LOGO.webp",292,86,landscape,3
"C:/Miroslav/Antas line/Logo/ANTAS LINE LOGOtip.webp",Logo,"ANTAS LINE LOGOtip.webp",200,59,landscape,2
"C:/Miroslav/Antas line/Logo/ANTAS-LINE-FINAL-LOGO-SQUARE.png",Logo,ANTAS-LINE-FINAL-LOGO-SQUARE.png,300,300,kvadrat,5
"C:/Miroslav/Antas line/Logo/ANTAS-LINE-FINAL-RECTAN.png",Logo,ANTAS-LINE-FINAL-RECTAN.png,350,131,landscape,8
"C:/Miroslav/Antas line/Logo/Favicon-antas-line-120.png",Logo,Favicon-antas-line-120.png,120,120,kvadrat,6
"C:/Miroslav/Antas line/Logo/Favicon-Antas-line-152.png",Logo,Favicon-Antas-line-152.png,152,152,kvadrat,8
"C:/Miroslav/Antas line/Logo/Favicon-antas-line-48.png",Logo,Favicon-antas-line-48.png,48,48,kvadrat,3
"C:/Miroslav/Antas line/Logo/Favicon-antas-line-60.png",Logo,Favicon-antas-line-60.png,60,60,kvadrat,4
"C:/Miroslav/Antas line/Logo/Favicon-antas-line-76.png",Logo,Favicon-antas-line-76.png,76,76,kvadrat,4
"C:/Miroslav/Antas line/Logo/ivana/ANTAS LINE FINAL LOGO uspravno.png",Logo/ivana,"ANTAS LINE FINAL LOGO uspravno.png",646,759,portrait,24
"C:/Miroslav/Antas line/Logo/ivana/ANTAS LINE FINAL LOGO-vodoravno.png",Logo/ivana,"ANTAS LINE FINAL LOGO-vodoravno.png",1365,402,landscape,25
"C:/Miroslav/Antas line/Logo/logo-Antas.png",Logo,logo-Antas.png,660,450,landscape,17
"C:/Miroslav/Antas line/lvt podovi/Designboden-Expona_Commercial-4103-gro___f.jpg","lvt podovi",Designboden-Expona_Commercial-4103-gro___f.jpg,1110,570,landscape,160
"C:/Miroslav/Antas line/lvt podovi/expona clic 19db/Arctic-Concrete-9084.jpg","lvt podovi/expona clic 19db",Arctic-Concrete-9084.jpg,1106,360,landscape,57
"C:/Miroslav/Antas line/lvt podovi/expona clic 19db/Eden-Ash-9027.jpg","lvt podovi/expona clic 19db",Eden-Ash-9027.jpg,1106,360,landscape,71
"C:/Miroslav/Antas line/lvt podovi/expona clic 19db/Element-Concrete-9085.jpg","lvt podovi/expona clic 19db",Element-Concrete-9085.jpg,1106,360,landscape,65
"C:/Miroslav/Antas line/lvt podovi/expona clic 19db/Harbour-Side-Oak-9035.jpg","lvt podovi/expona clic 19db",Harbour-Side-Oak-9035.jpg,1106,360,landscape,76
"C:/Miroslav/Antas line/lvt podovi/expona clic 19db/Icelandic-Oak-9025.jpg","lvt podovi/expona clic 19db",Icelandic-Oak-9025.jpg,1106,360,landscape,72
"C:/Miroslav/Antas line/lvt podovi/expona clic 19db/image.jpg","lvt podovi/expona clic 19db",image.jpg,1920,1080,landscape,592
"C:/Miroslav/Antas line/lvt podovi/expona clic 19db/Log-Cabin-Oak-9029.jpg","lvt podovi/expona clic 19db",Log-Cabin-Oak-9029.jpg,1106,360,landscape,69
"C:/Miroslav/Antas line/lvt podovi/expona clic 19db/Metro-Steel-9088.jpg","lvt podovi/expona clic 19db",Metro-Steel-9088.jpg,1106,360,landscape,44
"C:/Miroslav/Antas line/lvt podovi/expona clic 19db/Midnight-Slate-9081.jpg","lvt podovi/expona clic 19db",Midnight-Slate-9081.jpg,1106,360,landscape,44
"C:/Miroslav/Antas line/lvt podovi/expona clic 19db/Moorland-Oak-9033.jpg","lvt podovi/expona clic 19db",Moorland-Oak-9033.jpg,1106,360,landscape,75
"C:/Miroslav/Antas line/lvt podovi/expona clic 19db/Natura-Slate-9082.jpg","lvt podovi/expona clic 19db",Natura-Slate-9082.jpg,1106,360,landscape,54
"C:/Miroslav/Antas line/lvt podovi/expona clic 19db/Parisian-Limed-Oak-9034.jpg","lvt podovi/expona clic 19db",Parisian-Limed-Oak-9034.jpg,1106,360,landscape,60
"C:/Miroslav/Antas line/lvt podovi/expona clic 19db/Rice-Wine-Oak-9028.jpg","lvt podovi/expona clic 19db",Rice-Wine-Oak-9028.jpg,1106,360,landscape,60
"C:/Miroslav/Antas line/lvt podovi/expona clic 19db/Rich-Hazel-Oak-9031.jpg","lvt podovi/expona clic 19db",Rich-Hazel-Oak-9031.jpg,1106,360,landscape,72
"C:/Miroslav/Antas line/lvt podovi/expona clic 19db/Shingle-Oak-9037.jpg","lvt podovi/expona clic 19db",Shingle-Oak-9037.jpg,1106,360,landscape,59
"C:/Miroslav/Antas line/lvt podovi/expona clic 19db/Summerhouse-Oak-9026.jpg","lvt podovi/expona clic 19db",Summerhouse-Oak-9026.jpg,1106,360,landscape,69
"C:/Miroslav/Antas line/lvt podovi/expona clic 19db/Tennessee-Oak-9032.jpg","lvt podovi/expona clic 19db",Tennessee-Oak-9032.jpg,1106,360,landscape,55
"C:/Miroslav/Antas line/lvt podovi/expona clic 19db/Terrace-Concrete-9083.jpg","lvt podovi/expona clic 19db",Terrace-Concrete-9083.jpg,1106,360,landscape,55
"C:/Miroslav/Antas line/lvt podovi/expona clic 19db/Treehouse-Oak-9036.jpg","lvt podovi/expona clic 19db",Treehouse-Oak-9036.jpg,1106,360,landscape,57
"C:/Miroslav/Antas line/lvt podovi/expona clic 19db/t_clic19db_st_9084_210118-1_1.jpeg","lvt podovi/expona clic 19db",t_clic19db_st_9084_210118-1_1.jpeg,1106,1106,kvadrat,111
"C:/Miroslav/Antas line/lvt podovi/expona clic 19db/Urban-Steel-9087.jpg","lvt podovi/expona clic 19db",Urban-Steel-9087.jpg,1106,360,landscape,44
"C:/Miroslav/Antas line/lvt podovi/expona clic 19db/vinarija-sa-expona-podom.jpg","lvt podovi/expona clic 19db",vinarija-sa-expona-podom.jpg,1400,788,landscape,288
"C:/Miroslav/Antas line/lvt podovi/expona commercial/Blond-Country-Plank-4017.jpg","lvt podovi/expona commercial",Blond-Country-Plank-4017.jpg,1106,360,landscape,64
"C:/Miroslav/Antas line/lvt podovi/expona commercial/Blond-Limed-Oak-4081.jpg","lvt podovi/expona commercial",Blond-Limed-Oak-4081.jpg,1106,360,landscape,74
"C:/Miroslav/Antas line/lvt podovi/expona commercial/Dark-Brushed-Oak-4030.jpg","lvt podovi/expona commercial",Dark-Brushed-Oak-4030.jpg,1106,360,landscape,60
"C:/Miroslav/Antas line/lvt podovi/expona commercial/Dark-Limed-Oak-4083.jpg","lvt podovi/expona commercial",Dark-Limed-Oak-4083.jpg,1106,360,landscape,82
"C:/Miroslav/Antas line/lvt podovi/expona commercial/expona-commercial.jpg","lvt podovi/expona commercial",expona-commercial.jpg,300,300,kvadrat,30
"C:/Miroslav/Antas line/lvt podovi/expona commercial/French-Vanilla-Oak-4058.jpg","lvt podovi/expona commercial",French-Vanilla-Oak-4058.jpg,1106,360,landscape,61
"C:/Miroslav/Antas line/lvt podovi/expona commercial/Grey-Limed-Oak-4082.jpg","lvt podovi/expona commercial",Grey-Limed-Oak-4082.jpg,1106,360,landscape,79
"C:/Miroslav/Antas line/lvt podovi/expona commercial/Light-Classic-Oak-4085.jpg","lvt podovi/expona commercial",Light-Classic-Oak-4085.jpg,1106,360,landscape,60
"C:/Miroslav/Antas line/lvt podovi/expona commercial/pod-za-radnju-u-trznom-centru-expona-commercial.jpg","lvt podovi/expona commercial",pod-za-radnju-u-trznom-centru-expona-commercial.jpg,1400,788,landscape,134
"C:/Miroslav/Antas line/lvt podovi/expona commercial/podovi-za-kancelariju-expona-commercial.jpg","lvt podovi/expona commercial",podovi-za-kancelariju-expona-commercial.jpg,580,580,kvadrat,82
"C:/Miroslav/Antas line/lvt podovi/expona commercial/Sherwood-Oak-4099.jpg","lvt podovi/expona commercial",Sherwood-Oak-4099.jpg,1106,360,landscape,68
"C:/Miroslav/Antas line/lvt podovi/expona flow/expona-flow-design.jpg","lvt podovi/expona flow",expona-flow-design.jpg,600,600,kvadrat,50
"C:/Miroslav/Antas line/lvt podovi/expona flow/expona-flow-lvt-pod.jpg","lvt podovi/expona flow",expona-flow-lvt-pod.jpg,1400,788,landscape,130
"C:/Miroslav/Antas line/lvt podovi/LVT-pod-u-kancelariji.jpg","lvt podovi",LVT-pod-u-kancelariji.jpg,1110,474,landscape,126
"C:/Miroslav/Antas line/mreza-za-odbojku.jpg",.,mreza-za-odbojku.jpg,1024,678,landscape,166
"C:/Miroslav/Antas line/novak na plasticnoj podlozi.jpg",.,"novak na plasticnoj podlozi.jpg",1080,1080,kvadrat,120
"C:/Miroslav/Antas line/novak-na-plasticnoj-podlozi.jpg",.,novak-na-plasticnoj-podlozi.jpg,1024,576,landscape,134
"C:/Miroslav/Antas line/novi sajt/!gore slike/industrijski podloge.webp","novi sajt/!gore slike","industrijski podloge.webp",1920,696,landscape,147
"C:/Miroslav/Antas line/novi sajt/!gore slike/podloge za poslovne prostore.webp","novi sajt/!gore slike","podloge za poslovne prostore.webp",1920,1009,landscape,212
"C:/Miroslav/Antas line/novi sajt/!gore slike/podloge za sportske sale .webp","novi sajt/!gore slike","podloge za sportske sale .webp",1920,1009,landscape,198
"C:/Miroslav/Antas line/novi sajt/!gore slike/podovi za baste.webp","novi sajt/!gore slike","podovi za baste.webp",1920,1009,landscape,255
"C:/Miroslav/Antas line/novi sajt/banner/industrijska-podloga-za-pod.jpg","novi sajt/banner",industrijska-podloga-za-pod.jpg,1920,696,landscape,237
"C:/Miroslav/Antas line/novi sajt/banner/Vestacka-trava.jpg","novi sajt/banner",Vestacka-trava.jpg,1920,696,landscape,473
"C:/Miroslav/Antas line/novi sajt/Bego solid/bergo solid 2.JPG","novi sajt/Bego solid","bergo solid 2.JPG",800,600,landscape,255
"C:/Miroslav/Antas line/novi sajt/Bego solid/bergo solid na gradilistu .webp","novi sajt/Bego solid","bergo solid na gradilistu .webp",1240,823,landscape,258
"C:/Miroslav/Antas line/novi sajt/Bego solid/bergo solid.JPG","novi sajt/Bego solid","bergo solid.JPG",600,800,portrait,291
"C:/Miroslav/Antas line/novi sajt/Bego solid/bergo solid3.JPG","novi sajt/Bego solid","bergo solid3.JPG",800,600,landscape,255
"C:/Miroslav/Antas line/novi sajt/Bego solid/bergo solid4.JPG","novi sajt/Bego solid","bergo solid4.JPG",600,800,portrait,302
"C:/Miroslav/Antas line/novi sajt/Bego solid/buldozer na zastitinim podlogama .webp","novi sajt/Bego solid","buldozer na zastitinim podlogama .webp",1240,823,landscape,203
"C:/Miroslav/Antas line/novi sajt/Bego solid/kamion na bergo solid podlozi.webp","novi sajt/Bego solid","kamion na bergo solid podlozi.webp",1240,823,landscape,157
"C:/Miroslav/Antas line/novi sajt/Bego solid/kretanje viljuskara preko bergo podloge.webp","novi sajt/Bego solid","kretanje viljuskara preko bergo podloge.webp",608,392,landscape,82
"C:/Miroslav/Antas line/novi sajt/Bego solid/postavljena podloga preko travnjaka.webp","novi sajt/Bego solid","postavljena podloga preko travnjaka.webp",800,600,landscape,169
"C:/Miroslav/Antas line/novi sajt/Bego solid/staza od ploca zastita trave.webp","novi sajt/Bego solid","staza od ploca zastita trave.webp",600,800,portrait,204
"C:/Miroslav/Antas line/novi sajt/Bego solid/upotreba zastitnih ploca na gradilistu.webp","novi sajt/Bego solid","upotreba zastitnih ploca na gradilistu.webp",1240,823,landscape,257
"C:/Miroslav/Antas line/novi sajt/Bego solid/zastita trave plocama.webp","novi sajt/Bego solid","zastita trave plocama.webp",600,800,portrait,185
"C:/Miroslav/Antas line/novi sajt/Bergo/Bergo Easy/bergo_easy_metalgrey_front.jpg","novi sajt/Bergo/Bergo Easy",bergo_easy_metalgrey_front.jpg,2506,2496,landscape,883
"C:/Miroslav/Antas line/novi sajt/Bergo/Bergo Easy/opt/Bergo-Easy.jpg","novi sajt/Bergo/Bergo Easy/opt",Bergo-Easy.jpg,576,359,landscape,44
"C:/Miroslav/Antas line/novi sajt/Bergo/Bergo elite/2017-03-28 11.46.30.jpg","novi sajt/Bergo/Bergo elite","2017-03-28 11.46.30.jpg",3264,2448,landscape,1036
"C:/Miroslav/Antas line/novi sajt/Bergo/Bergo elite/Bergo-elite.jpg","novi sajt/Bergo/Bergo elite",Bergo-elite.jpg,576,359,landscape,9
"C:/Miroslav/Antas line/novi sajt/Bergo/Bergo elite/brendiranje-podova-bergo-plocama.jpg","novi sajt/Bergo/Bergo elite",brendiranje-podova-bergo-plocama.jpg,750,482,landscape,45
"C:/Miroslav/Antas line/novi sajt/Bergo/Bergo elite/Marble-Gray-small.jpg","novi sajt/Bergo/Bergo elite",Marble-Gray-small.jpg,98,98,kvadrat,7
"C:/Miroslav/Antas line/novi sajt/Bergo/Bergo elite/opt/brendiranje-podova.jpg","novi sajt/Bergo/Bergo elite/opt",brendiranje-podova.jpg,800,500,landscape,78
"C:/Miroslav/Antas line/novi sajt/Bergo/Bergo elite/opt/podloga-za-balkon-bergo-elite.jpg","novi sajt/Bergo/Bergo elite/opt",podloga-za-balkon-bergo-elite.jpg,800,500,landscape,126
"C:/Miroslav/Antas line/novi sajt/Bergo/Bergo elite/opt/podna-obloga-za-balkone-i-terase-Bergo-Elite.jpg","novi sajt/Bergo/Bergo elite/opt",podna-obloga-za-balkone-i-terase-Bergo-Elite.jpg,800,500,landscape,104
"C:/Miroslav/Antas line/novi sajt/Bergo/Bergo elite/opt/podna-podloga-za-cvecare.jpg","novi sajt/Bergo/Bergo elite/opt",podna-podloga-za-cvecare.jpg,800,500,landscape,145
"C:/Miroslav/Antas line/novi sajt/Bergo/Bergo elite/opt/Podne-obloge-za-terasu-Bergo-Elite.jpg","novi sajt/Bergo/Bergo elite/opt",Podne-obloge-za-terasu-Bergo-Elite.jpg,800,500,landscape,77
"C:/Miroslav/Antas line/novi sajt/Bergo/Bergo elite/opt/podne-podloge-za-terasu.jpg","novi sajt/Bergo/Bergo elite/opt",podne-podloge-za-terasu.jpg,800,500,landscape,103
"C:/Miroslav/Antas line/novi sajt/Bergo/Bergo elite/podne-obloge-elite-1.jpg","novi sajt/Bergo/Bergo elite",podne-obloge-elite-1.jpg,960,540,landscape,113
"C:/Miroslav/Antas line/novi sajt/Bergo/Bergo elite/podne-obloge-elite-10.jpg","novi sajt/Bergo/Bergo elite",podne-obloge-elite-10.jpg,699,960,portrait,95
"C:/Miroslav/Antas line/novi sajt/Bergo/Bergo elite/podne-obloge-elite-11.jpg","novi sajt/Bergo/Bergo elite",podne-obloge-elite-11.jpg,960,540,landscape,147
"C:/Miroslav/Antas line/novi sajt/Bergo/Bergo elite/podne-obloge-elite-12.jpg","novi sajt/Bergo/Bergo elite",podne-obloge-elite-12.jpg,960,540,landscape,231
"C:/Miroslav/Antas line/novi sajt/Bergo/Bergo elite/podne-obloge-elite-14.jpg","novi sajt/Bergo/Bergo elite",podne-obloge-elite-14.jpg,699,960,portrait,82
"C:/Miroslav/Antas line/novi sajt/Bergo/Bergo elite/podne-obloge-elite-15.jpg","novi sajt/Bergo/Bergo elite",podne-obloge-elite-15.jpg,960,540,landscape,200
"C:/Miroslav/Antas line/novi sajt/Bergo/Bergo elite/podne-obloge-elite-3.jpg","novi sajt/Bergo/Bergo elite",podne-obloge-elite-3.jpg,699,960,portrait,196
"C:/Miroslav/Antas line/novi sajt/Bergo/Bergo elite/podne-obloge-elite-4.jpg","novi sajt/Bergo/Bergo elite",podne-obloge-elite-4.jpg,960,540,landscape,129
"C:/Miroslav/Antas line/novi sajt/Bergo/Bergo elite/podne-obloge-elite-5.jpg","novi sajt/Bergo/Bergo elite",podne-obloge-elite-5.jpg,699,960,portrait,137
"C:/Miroslav/Antas line/novi sajt/Bergo/Bergo elite/podne-obloge-elite-6.jpg","novi sajt/Bergo/Bergo elite",podne-obloge-elite-6.jpg,960,540,landscape,190
"C:/Miroslav/Antas line/novi sajt/Bergo/Bergo elite/podne-obloge-elite-8.jpg","novi sajt/Bergo/Bergo elite",podne-obloge-elite-8.jpg,960,540,landscape,141
"C:/Miroslav/Antas line/novi sajt/Bergo/Bergo multisport/3na3-teren-za-basket.jpg","novi sajt/Bergo/Bergo multisport",3na3-teren-za-basket.jpg,800,500,landscape,112
"C:/Miroslav/Antas line/novi sajt/Bergo/Bergo multisport/Bergo-multisport-ploce.jpg","novi sajt/Bergo/Bergo multisport",Bergo-multisport-ploce.jpg,576,359,landscape,79
"C:/Miroslav/Antas line/novi sajt/Bergo/Bergo multisport/bergo-podloga-za-kosarkaski-teren.jpg","novi sajt/Bergo/Bergo multisport",bergo-podloga-za-kosarkaski-teren.jpg,800,500,landscape,138
"C:/Miroslav/Antas line/novi sajt/Bergo/Bergo multisport/izrada-kosarkaskog-terena.jpg","novi sajt/Bergo/Bergo multisport",izrada-kosarkaskog-terena.jpg,800,500,landscape,64
"C:/Miroslav/Antas line/novi sajt/Bergo/Bergo multisport/kosarkaski-teren-Bela-Crkva.jpg","novi sajt/Bergo/Bergo multisport",kosarkaski-teren-Bela-Crkva.jpg,800,500,landscape,121
"C:/Miroslav/Antas line/novi sajt/Bergo/Bergo multisport/napravljen-teren-za-kosarku.jpg","novi sajt/Bergo/Bergo multisport",napravljen-teren-za-kosarku.jpg,800,500,landscape,129
"C:/Miroslav/Antas line/novi sajt/Bergo/Bergo multisport/teren-za-basket-u-dvoristu.jpg","novi sajt/Bergo/Bergo multisport",teren-za-basket-u-dvoristu.jpg,800,500,landscape,142
"C:/Miroslav/Antas line/novi sajt/Bergo/Bergo soft/bazenske-podloge-bergo-easy.jpg","novi sajt/Bergo/Bergo soft",bazenske-podloge-bergo-easy.jpg,800,500,landscape,77
"C:/Miroslav/Antas line/novi sajt/Bergo/Bergo soft/Bergo-soft-tile.jpg","novi sajt/Bergo/Bergo soft",Bergo-soft-tile.jpg,576,359,landscape,62
"C:/Miroslav/Antas line/novi sajt/Bergo/Bergo soft/neklizajuce-podloge-oko-bazena.jpg","novi sajt/Bergo/Bergo soft",neklizajuce-podloge-oko-bazena.jpg,800,500,landscape,106
"C:/Miroslav/Antas line/novi sajt/Bergo/Bergo soft/plocice-oko-bazena.jpg","novi sajt/Bergo/Bergo soft",plocice-oko-bazena.jpg,800,500,landscape,76
"C:/Miroslav/Antas line/novi sajt/Bergo/Bergo soft/podloge-oko-bazena.jpg","novi sajt/Bergo/Bergo soft",podloge-oko-bazena.jpg,800,500,landscape,166
"C:/Miroslav/Antas line/novi sajt/Bergo/Bergo soft/podna-obloga-oko-bazena.jpg","novi sajt/Bergo/Bergo soft",podna-obloga-oko-bazena.jpg,800,500,landscape,121
"C:/Miroslav/Antas line/novi sajt/Bergo/Bergo soft/podologe-oko-bazena-neklizajuce.jpg","novi sajt/Bergo/Bergo soft",podologe-oko-bazena-neklizajuce.jpg,800,500,landscape,110
"C:/Miroslav/Antas line/novi sajt/Bergo/Bergo ultimate/15-year_bergo_stampel_guarantee (w106_h104_u).png","novi sajt/Bergo/Bergo ultimate","15-year_bergo_stampel_guarantee (w106_h104_u).png",104,104,kvadrat,9
"C:/Miroslav/Antas line/novi sajt/Bergo/Bergo ultimate/3na3 belgrade challenger.webp","novi sajt/Bergo/Bergo ultimate","3na3 belgrade challenger.webp",1920,1009,landscape,134
"C:/Miroslav/Antas line/novi sajt/Bergo/Bergo ultimate/Bergo flow - Fruska Goran.jpg","novi sajt/Bergo/Bergo ultimate","Bergo flow - Fruska Goran.jpg",1200,1600,portrait,217
"C:/Miroslav/Antas line/novi sajt/Bergo/Bergo ultimate/Bergo multisport - Bela Crkva.jpg","novi sajt/Bergo/Bergo ultimate","Bergo multisport - Bela Crkva.jpg",800,600,landscape,276
"C:/Miroslav/Antas line/novi sajt/Bergo/Bergo ultimate/Bergo multisport.jpg","novi sajt/Bergo/Bergo ultimate","Bergo multisport.jpg",5472,3648,landscape,4692
"C:/Miroslav/Antas line/novi sajt/Bergo/Bergo ultimate/Bergo ultimate teren za kosarku - Bela Crkva.jpg","novi sajt/Bergo/Bergo ultimate","Bergo ultimate teren za kosarku - Bela Crkva.jpg",1080,788,landscape,123
"C:/Miroslav/Antas line/novi sajt/Bergo/Bergo ultimate/Bergo ultimate teren za kosarku - Sirig.jpg","novi sajt/Bergo/Bergo ultimate","Bergo ultimate teren za kosarku - Sirig.jpg",800,600,landscape,135
"C:/Miroslav/Antas line/novi sajt/Bergo/Bergo ultimate/Bergo-Ultimate.jpg","novi sajt/Bergo/Bergo ultimate",Bergo-Ultimate.jpg,576,359,landscape,69
"C:/Miroslav/Antas line/novi sajt/Bergo/Bergo ultimate/BERGO2.jpg","novi sajt/Bergo/Bergo ultimate",BERGO2.jpg,95,95,kvadrat,5
"C:/Miroslav/Antas line/novi sajt/Bergo/Bergo ultimate/BERGO3.jpg","novi sajt/Bergo/Bergo ultimate",BERGO3.jpg,189,95,landscape,29
"C:/Miroslav/Antas line/novi sajt/Bergo/Bergo ultimate/BERGO4.jpg","novi sajt/Bergo/Bergo ultimate",BERGO4.jpg,95,95,kvadrat,6
"C:/Miroslav/Antas line/novi sajt/Bergo/Bergo ultimate/Bergoflooring_Ultimate_School Nikola Tesla Banja Luka 800x600.jpg","novi sajt/Bergo/Bergo ultimate","Bergoflooring_Ultimate_School Nikola Tesla Banja Luka 800x600.jpg",800,449,landscape,230
"C:/Miroslav/Antas line/novi sajt/Bergo/Bergo ultimate/bergo_en14877_logo_black (w106_h111_q85_u) (1).jpg","novi sajt/Bergo/Bergo ultimate","bergo_en14877_logo_black (w106_h111_q85_u) (1).jpg",106,110,portrait,6
"C:/Miroslav/Antas line/novi sajt/Bergo/Bergo ultimate/bergo_en14877_logo_black (w106_h111_q85_u).jpg","novi sajt/Bergo/Bergo ultimate","bergo_en14877_logo_black (w106_h111_q85_u).jpg",106,110,portrait,6
"C:/Miroslav/Antas line/novi sajt/Bergo/Bergo ultimate/British Internatinal School, Belgrade.jpg","novi sajt/Bergo/Bergo ultimate","British Internatinal School, Belgrade.jpg",800,600,landscape,235
"C:/Miroslav/Antas line/novi sajt/Bergo/Bergo ultimate/Brookhill skola Beograd.jpg","novi sajt/Bergo/Bergo ultimate","Brookhill skola Beograd.jpg",1600,1600,kvadrat,234
"C:/Miroslav/Antas line/novi sajt/Bergo/Bergo ultimate/fiba_e-v_full_colour_port_approved-equipment_vecto (w89_h184_q85_u).jpg","novi sajt/Bergo/Bergo ultimate","fiba_e-v_full_colour_port_approved-equipment_vecto (w89_h184_q85_u).jpg",89,182,portrait,7
"C:/Miroslav/Antas line/novi sajt/Bergo/Bergo ultimate/itf_classified-court-pace_5fast_colour (w99_h99_q85_u).jpg","novi sajt/Bergo/Bergo ultimate","itf_classified-court-pace_5fast_colour (w99_h99_q85_u).jpg",99,99,kvadrat,4
"C:/Miroslav/Antas line/novi sajt/Bergo/Bergo ultimate/kopaonik zlatna lisica.jpg","novi sajt/Bergo/Bergo ultimate","kopaonik zlatna lisica.jpg",400,534,portrait,76
"C:/Miroslav/Antas line/novi sajt/Bergo/Bergo ultimate/Luka Doncic teren za kosarku3.jpg","novi sajt/Bergo/Bergo ultimate","Luka Doncic teren za kosarku3.jpg",2064,1127,landscape,247
"C:/Miroslav/Antas line/novi sajt/Bergo/Bergo ultimate/lustica bay 2024.jpg","novi sajt/Bergo/Bergo ultimate","lustica bay 2024.jpg",1600,1600,kvadrat,249
"C:/Miroslav/Antas line/novi sajt/Bergo/Bergo ultimate/lustica bay MNE 2024.jpg","novi sajt/Bergo/Bergo ultimate","lustica bay MNE 2024.jpg",1440,875,landscape,295
"C:/Miroslav/Antas line/novi sajt/Bergo/Bergo ultimate/obra/basket na galeriji.webp","novi sajt/Bergo/Bergo ultimate/obra","basket na galeriji.webp",1095,729,landscape,199
"C:/Miroslav/Antas line/novi sajt/Bergo/Bergo ultimate/obra/brezovica tereni kosarka.webp","novi sajt/Bergo/Bergo ultimate/obra","brezovica tereni kosarka.webp",1095,729,landscape,199
"C:/Miroslav/Antas line/novi sajt/Bergo/Bergo ultimate/obra/Brookhill skola Beograd.webp","novi sajt/Bergo/Bergo ultimate/obra","Brookhill skola Beograd.webp",1095,729,landscape,169
"C:/Miroslav/Antas line/novi sajt/Bergo/Bergo ultimate/obra/dimenzije terena za kosarku.webp","novi sajt/Bergo/Bergo ultimate/obra","dimenzije terena za kosarku.webp",781,434,landscape,13
"C:/Miroslav/Antas line/novi sajt/Bergo/Bergo ultimate/obra/dimenzije-terena-za-kosarku.png","novi sajt/Bergo/Bergo ultimate/obra",dimenzije-terena-za-kosarku.png,781,434,landscape,31
"C:/Miroslav/Antas line/novi sajt/Bergo/Bergo ultimate/obra/Graz-final-3x3-cup-2022.jpg","novi sajt/Bergo/Bergo ultimate/obra",Graz-final-3x3-cup-2022.jpg,1600,1200,landscape,243
"C:/Miroslav/Antas line/novi sajt/Bergo/Bergo ultimate/obra/Luka Doncic teren za kosarku.webp","novi sajt/Bergo/Bergo ultimate/obra","Luka Doncic teren za kosarku.webp",1095,729,landscape,77
"C:/Miroslav/Antas line/novi sajt/Bergo/Bergo ultimate/obra/lustica bay teren.webp","novi sajt/Bergo/Bergo ultimate/obra","lustica bay teren.webp",1095,729,landscape,161
"C:/Miroslav/Antas line/novi sajt/Bergo/Bergo ultimate/obra/SCA01015_3.jpg","novi sajt/Bergo/Bergo ultimate/obra",SCA01015_3.jpg,800,640,landscape,70
"C:/Miroslav/Antas line/novi sajt/Bergo/Bergo ultimate/obra/teren na fruskoj gori.webp","novi sajt/Bergo/Bergo ultimate/obra","teren na fruskoj gori.webp",1095,729,landscape,229
"C:/Miroslav/Antas line/novi sajt/Bergo/Bergo ultimate/obra/teren osnovna skola nikola tesla banja luka.webp","novi sajt/Bergo/Bergo ultimate/obra","teren osnovna skola nikola tesla banja luka.webp",1095,729,landscape,192
"C:/Miroslav/Antas line/novi sajt/Bergo/Bergo ultimate/obra/teren za basket ispred beogradkse arene.webp","novi sajt/Bergo/Bergo ultimate/obra","teren za basket ispred beogradkse arene.webp",1095,729,landscape,186
"C:/Miroslav/Antas line/novi sajt/Bergo/Bergo ultimate/obra/teren za basket ispred beogradske arene.jpg","novi sajt/Bergo/Bergo ultimate/obra","teren za basket ispred beogradske arene.jpg",960,720,landscape,122
"C:/Miroslav/Antas line/novi sajt/Bergo/Bergo ultimate/obra/teren za basket na galeriji.jpg","novi sajt/Bergo/Bergo ultimate/obra","teren za basket na galeriji.jpg",1440,1191,landscape,265
"C:/Miroslav/Antas line/novi sajt/Bergo/Bergo ultimate/obra/teren za basket u dvoristu.webp","novi sajt/Bergo/Bergo ultimate/obra","teren za basket u dvoristu.webp",1095,729,landscape,218
"C:/Miroslav/Antas line/novi sajt/Bergo/Bergo ultimate/obra/teren za futsal adidas.jpg","novi sajt/Bergo/Bergo ultimate/obra","teren za futsal adidas.jpg",900,601,landscape,91
"C:/Miroslav/Antas line/novi sajt/Bergo/Bergo ultimate/obra/teren za tri na tri u grazu finale 2022.webp","novi sajt/Bergo/Bergo ultimate/obra","teren za tri na tri u grazu finale 2022.webp",1095,729,landscape,232
"C:/Miroslav/Antas line/novi sajt/Bergo/Bergo ultimate/obra/ultimate kosarkaski teren lustica bay.webp","novi sajt/Bergo/Bergo ultimate/obra","ultimate kosarkaski teren lustica bay.webp",1095,729,landscape,100
"C:/Miroslav/Antas line/novi sajt/Bergo/Bergo ultimate/obra/ultimate-plus-sertifikati-small.jpg.webp","novi sajt/Bergo/Bergo ultimate/obra",ultimate-plus-sertifikati-small.jpg.webp,466,90,landscape,10
"C:/Miroslav/Antas line/novi sajt/Bergo/Bergo ultimate/Odmaraliste Lane, Zlatar.jpg","novi sajt/Bergo/Bergo ultimate","Odmaraliste Lane, Zlatar.jpg",1200,1600,portrait,246
"C:/Miroslav/Antas line/novi sajt/Bergo/Bergo ultimate/OS Josif Pancic - teren za basket.jpg","novi sajt/Bergo/Bergo ultimate","OS Josif Pancic - teren za basket.jpg",800,600,landscape,229
"C:/Miroslav/Antas line/novi sajt/Bergo/Bergo ultimate/Teren za kosarku - Brezovica.jpg","novi sajt/Bergo/Bergo ultimate","Teren za kosarku - Brezovica.jpg",1600,1200,landscape,246
"C:/Miroslav/Antas line/novi sajt/Bergo/Bergo unique/100_0100.jpg","novi sajt/Bergo/Bergo unique",100_0100.jpg,1440,2160,portrait,528
"C:/Miroslav/Antas line/novi sajt/Bergo/Bergo unique/basta-senjak.jpg","novi sajt/Bergo/Bergo unique",basta-senjak.jpg,720,1280,portrait,95
"C:/Miroslav/Antas line/novi sajt/Bergo/Bergo unique/Bergo Unique balcony Stonegrey Graphitegrey.jpg","novi sajt/Bergo/Bergo unique","Bergo Unique balcony Stonegrey Graphitegrey.jpg",4128,2322,landscape,1164
"C:/Miroslav/Antas line/novi sajt/Bergo/Bergo unique/bergo-instalacija-poda-2.jpg","novi sajt/Bergo/Bergo unique",bergo-instalacija-poda-2.jpg,500,333,landscape,22
"C:/Miroslav/Antas line/novi sajt/Bergo/Bergo unique/bergo-instalacija-poda.jpg","novi sajt/Bergo/Bergo unique",bergo-instalacija-poda.jpg,500,333,landscape,32
"C:/Miroslav/Antas line/novi sajt/Bergo/Bergo unique/Bergo-multisport-basta2.jpg","novi sajt/Bergo/Bergo unique",Bergo-multisport-basta2.jpg,960,640,landscape,97
"C:/Miroslav/Antas line/novi sajt/Bergo/Bergo unique/bergo-Unique pod.jpg","novi sajt/Bergo/Bergo unique","bergo-Unique pod.jpg",800,533,landscape,86
"C:/Miroslav/Antas line/novi sajt/Bergo/Bergo unique/Bergo-unique.jpg","novi sajt/Bergo/Bergo unique",Bergo-unique.jpg,576,359,landscape,63
"C:/Miroslav/Antas line/novi sajt/Bergo/Bergo unique/Bergo-unique2.jpg","novi sajt/Bergo/Bergo unique",Bergo-unique2.jpg,576,359,landscape,62
"C:/Miroslav/Antas line/novi sajt/Bergo/Bergo unique/Bergo_Public_Tiles.jpg","novi sajt/Bergo/Bergo unique",Bergo_Public_Tiles.jpg,4500,3000,landscape,3480
"C:/Miroslav/Antas line/novi sajt/Bergo/Bergo unique/Bergo_Unique (1).jpeg","novi sajt/Bergo/Bergo unique","Bergo_Unique (1).jpeg",1536,2048,portrait,601
"C:/Miroslav/Antas line/novi sajt/Bergo/Bergo unique/Bergo_Unique (11).jpg","novi sajt/Bergo/Bergo unique","Bergo_Unique (11).jpg",4608,3072,landscape,1731
"C:/Miroslav/Antas line/novi sajt/Bergo/Bergo unique/Bergo_Unique (13).jpg","novi sajt/Bergo/Bergo unique","Bergo_Unique (13).jpg",3072,4608,portrait,1284
"C:/Miroslav/Antas line/novi sajt/Bergo/Bergo unique/Bergo_Unique (14).jpg","novi sajt/Bergo/Bergo unique","Bergo_Unique (14).jpg",1536,2048,portrait,504
"C:/Miroslav/Antas line/novi sajt/Bergo/Bergo unique/Bergo_Unique (15).jpg","novi sajt/Bergo/Bergo unique","Bergo_Unique (15).jpg",1920,2560,portrait,973
"C:/Miroslav/Antas line/novi sajt/Bergo/Bergo unique/Bergo_Unique (17).jpg","novi sajt/Bergo/Bergo unique","Bergo_Unique (17).jpg",2848,4272,portrait,1501
"C:/Miroslav/Antas line/novi sajt/Bergo/Bergo unique/Bergo_Unique (18).jpg","novi sajt/Bergo/Bergo unique","Bergo_Unique (18).jpg",2848,4272,portrait,1699
"C:/Miroslav/Antas line/novi sajt/Bergo/Bergo unique/Bergo_Unique (20).jpg","novi sajt/Bergo/Bergo unique","Bergo_Unique (20).jpg",2136,2848,portrait,1764
"C:/Miroslav/Antas line/novi sajt/Bergo/Bergo unique/Bergo_Unique (3).jpg","novi sajt/Bergo/Bergo unique","Bergo_Unique (3).jpg",3264,2448,landscape,1851
"C:/Miroslav/Antas line/novi sajt/Bergo/Bergo unique/Bergo_Unique (4).jpg","novi sajt/Bergo/Bergo unique","Bergo_Unique (4).jpg",3072,2304,landscape,1419
"C:/Miroslav/Antas line/novi sajt/Bergo/Bergo unique/Bergo_Unique (5).jpg","novi sajt/Bergo/Bergo unique","Bergo_Unique (5).jpg",2516,2492,landscape,1305
"C:/Miroslav/Antas line/novi sajt/Bergo/Bergo unique/Bergo_Unique (6).jpg","novi sajt/Bergo/Bergo unique","Bergo_Unique (6).jpg",3872,2592,landscape,1419
"C:/Miroslav/Antas line/novi sajt/Bergo/Bergo unique/Bergo_Unique (9).jpg","novi sajt/Bergo/Bergo unique","Bergo_Unique (9).jpg",2592,3872,portrait,1700
"C:/Miroslav/Antas line/novi sajt/Bergo/Bergo unique/bergo_unique_installation.jpg","novi sajt/Bergo/Bergo unique",bergo_unique_installation.jpg,260,176,landscape,7
"C:/Miroslav/Antas line/novi sajt/Bergo/Bergo unique/bergo_unique_installation1.jpg","novi sajt/Bergo/Bergo unique",bergo_unique_installation1.jpg,1890,1278,landscape,435
"C:/Miroslav/Antas line/novi sajt/Bergo/Bergo unique/bergo_unique_installation2.jpg","novi sajt/Bergo/Bergo unique",bergo_unique_installation2.jpg,1890,1260,landscape,1342
"C:/Miroslav/Antas line/novi sajt/Bergo/Bergo unique/boje/boja-peska.jpg","novi sajt/Bergo/Bergo unique/boje",boja-peska.jpg,376,234,landscape,5
"C:/Miroslav/Antas line/novi sajt/Bergo/Bergo unique/boje/grafit-siva.jpg","novi sajt/Bergo/Bergo unique/boje",grafit-siva.jpg,376,234,landscape,5
"C:/Miroslav/Antas line/novi sajt/Bergo/Bergo unique/boje/Kedar-drvo.jpg","novi sajt/Bergo/Bergo unique/boje",Kedar-drvo.jpg,376,234,landscape,5
"C:/Miroslav/Antas line/novi sajt/Bergo/Bergo unique/boje/svetlosiva.jpg","novi sajt/Bergo/Bergo unique/boje",svetlosiva.jpg,376,234,landscape,4
"C:/Miroslav/Antas line/novi sajt/Bergo/Bergo unique/CRW_4667_tävling.jpg","novi sajt/Bergo/Bergo unique",CRW_4667_tävling.jpg,3072,2304,landscape,1406
"C:/Miroslav/Antas line/novi sajt/Bergo/Bergo unique/DSC_0028.jpg","novi sajt/Bergo/Bergo unique",DSC_0028.jpg,2752,2292,landscape,1137
"C:/Miroslav/Antas line/novi sajt/Bergo/Bergo unique/IMG_3774.jpg","novi sajt/Bergo/Bergo unique",IMG_3774.jpg,405,720,portrait,70
"C:/Miroslav/Antas line/novi sajt/Bergo/Bergo unique/IMG_3782.jpg","novi sajt/Bergo/Bergo unique",IMG_3782.jpg,692,519,landscape,89
"C:/Miroslav/Antas line/novi sajt/Bergo/Bergo unique/IMG_3784.jpg","novi sajt/Bergo/Bergo unique",IMG_3784.jpg,700,700,kvadrat,121
"C:/Miroslav/Antas line/novi sajt/Bergo/Bergo unique/IMG_3787.jpg","novi sajt/Bergo/Bergo unique",IMG_3787.jpg,720,537,landscape,112
"C:/Miroslav/Antas line/novi sajt/Bergo/Bergo unique/IMG_8949.jpg","novi sajt/Bergo/Bergo unique",IMG_8949.jpg,2448,3264,portrait,1187
"C:/Miroslav/Antas line/novi sajt/Bergo/Bergo unique/opt/pod-za-terasu.jpg","novi sajt/Bergo/Bergo unique/opt",pod-za-terasu.jpg,800,500,landscape,156
"C:/Miroslav/Antas line/novi sajt/Bergo/Bergo unique/opt/podna-podloga-u-basti.jpg","novi sajt/Bergo/Bergo unique/opt",podna-podloga-u-basti.jpg,800,500,landscape,100
"C:/Miroslav/Antas line/novi sajt/Bergo/Bergo unique/opt/podna-podloga-za-terasu.jpg","novi sajt/Bergo/Bergo unique/opt",podna-podloga-za-terasu.jpg,800,500,landscape,107
"C:/Miroslav/Antas line/novi sajt/Bergo/Bergo unique/opt/podovi-za-baste-kafica-bergo-unique.jpg","novi sajt/Bergo/Bergo unique/opt",podovi-za-baste-kafica-bergo-unique.jpg,800,500,landscape,164
"C:/Miroslav/Antas line/novi sajt/Bergo/Bergo unique/opt/podovi-za-baste1.jpg","novi sajt/Bergo/Bergo unique/opt",podovi-za-baste1.jpg,1200,700,landscape,194
"C:/Miroslav/Antas line/novi sajt/Bergo/Bergo unique/opt/posna-obloga-za-balkon.jpg","novi sajt/Bergo/Bergo unique/opt",posna-obloga-za-balkon.jpg,800,500,landscape,176
"C:/Miroslav/Antas line/novi sajt/Bergo/Bergo unique/opt/sponlja-podna-obloga-za-terasu.jpg","novi sajt/Bergo/Bergo unique/opt",sponlja-podna-obloga-za-terasu.jpg,800,500,landscape,133
"C:/Miroslav/Antas line/novi sajt/Bergo/Bergo unique/Smart beach chair 2pk.jpg","novi sajt/Bergo/Bergo unique","Smart beach chair 2pk.jpg",2140,1426,landscape,703
"C:/Miroslav/Antas line/novi sajt/Bergo/Bergo unique/Unique balcony after.jpg","novi sajt/Bergo/Bergo unique","Unique balcony after.jpg",3072,2304,landscape,1286
"C:/Miroslav/Antas line/novi sajt/Bergo/Bergo unique/unique11.jpg","novi sajt/Bergo/Bergo unique",unique11.jpg,977,977,kvadrat,164
"C:/Miroslav/Antas line/novi sajt/Bergo/Bergo XL/20150907_180338_resized_1.jpg","novi sajt/Bergo/Bergo XL",20150907_180338_resized_1.jpg,1742,3095,portrait,714
"C:/Miroslav/Antas line/novi sajt/Bergo/Bergo XL/3.jpg","novi sajt/Bergo/Bergo XL",3.jpg,720,960,portrait,176
"C:/Miroslav/Antas line/novi sajt/Bergo/Bergo XL/Bergo-XL.jpg","novi sajt/Bergo/Bergo XL",Bergo-XL.jpg,576,359,landscape,57
"C:/Miroslav/Antas line/novi sajt/Bergo/Bergo XL/Bergo_Floor_Tiles_Swedish_Championship_Chess_copy.jpg","novi sajt/Bergo/Bergo XL",Bergo_Floor_Tiles_Swedish_Championship_Chess_copy.jpg,1360,1271,landscape,417
"C:/Miroslav/Antas line/novi sajt/Bergo/Bergo XL/Bergo_Strandudden_1_2.jpg","novi sajt/Bergo/Bergo XL",Bergo_Strandudden_1_2.jpg,5000,2815,landscape,2825
"C:/Miroslav/Antas line/novi sajt/Bergo/Bergo XL/Bergo_Strandudden_3.jpg","novi sajt/Bergo/Bergo XL",Bergo_Strandudden_3.jpg,5000,2500,landscape,2046
"C:/Miroslav/Antas line/novi sajt/Bergo/Bergo XL/bergo_xl.jpg","novi sajt/Bergo/Bergo XL",bergo_xl.jpg,1772,1166,landscape,2934
"C:/Miroslav/Antas line/novi sajt/Bergo/Bergo XL/Bergo_XL_Graphitegrey_Stonegrey_balcony (2).jpg","novi sajt/Bergo/Bergo XL","Bergo_XL_Graphitegrey_Stonegrey_balcony (2).jpg",4724,3151,landscape,3904
"C:/Miroslav/Antas line/novi sajt/Bergo/Bergo XL/Bergo_XL_Graphitegrey_Stonegrey_balcony (5).jpg","novi sajt/Bergo/Bergo XL","Bergo_XL_Graphitegrey_Stonegrey_balcony (5).jpg",4724,3151,landscape,4772
"C:/Miroslav/Antas line/novi sajt/Bergo/Bergo XL/bergo_xl_installation1.jpg","novi sajt/Bergo/Bergo XL",bergo_xl_installation1.jpg,5394,3641,landscape,4395
"C:/Miroslav/Antas line/novi sajt/Bergo/Bergo XL/bergo_xl_installation2.jpg","novi sajt/Bergo/Bergo XL",bergo_xl_installation2.jpg,5616,3744,landscape,4499
"C:/Miroslav/Antas line/novi sajt/Bergo/Bergo XL/Bergo_XL_sand_pine_8.jpg","novi sajt/Bergo/Bergo XL",Bergo_XL_sand_pine_8.jpg,494,659,portrait,103
"C:/Miroslav/Antas line/novi sajt/Bergo/Bergo XL/Client_06_Germany.jpg","novi sajt/Bergo/Bergo XL",Client_06_Germany.jpg,1920,1920,kvadrat,659
"C:/Miroslav/Antas line/novi sajt/Bergo/Bergo XL/Club Naútico de Barcelona REGATA Conde de Godo.jpg","novi sajt/Bergo/Bergo XL","Club Naútico de Barcelona REGATA Conde de Godo.jpg",1226,677,landscape,149
"C:/Miroslav/Antas line/novi sajt/Bergo/Bergo XL/DSC_0007.jpg","novi sajt/Bergo/Bergo XL",DSC_0007.jpg,2493,3872,portrait,1180
"C:/Miroslav/Antas line/novi sajt/Bergo/Bergo XL/DSC_0036 (2).jpg","novi sajt/Bergo/Bergo XL","DSC_0036 (2).jpg",2592,3872,portrait,2309
"C:/Miroslav/Antas line/novi sajt/Bergo/Bergo XL/DSC_0148.jpg","novi sajt/Bergo/Bergo XL",DSC_0148.jpg,2502,3872,portrait,2276
"C:/Miroslav/Antas line/novi sajt/Bergo/Bergo XL/Gotovo-postavljanje-poda.jpg","novi sajt/Bergo/Bergo XL",Gotovo-postavljanje-poda.jpg,500,333,landscape,74
"C:/Miroslav/Antas line/novi sajt/Bergo/Bergo XL/image-5b9c703876cde17ece489d204ea392865db1ef542c33a6040e0c16205ceec281-V.jpg","novi sajt/Bergo/Bergo XL",image-5b9c703876cde17ece489d204ea392865db1ef542c33a6040e0c16205ceec281-V.jpg,1280,1280,kvadrat,295
"C:/Miroslav/Antas line/novi sajt/Bergo/Bergo XL/IMG_2832.jpg","novi sajt/Bergo/Bergo XL",IMG_2832.jpg,2304,3072,portrait,685
"C:/Miroslav/Antas line/novi sajt/Bergo/Bergo XL/IMG_3764.jpg","novi sajt/Bergo/Bergo XL",IMG_3764.jpg,720,540,landscape,73
"C:/Miroslav/Antas line/novi sajt/Bergo/Bergo XL/IMG_3767.jpg","novi sajt/Bergo/Bergo XL",IMG_3767.jpg,720,540,landscape,116
"C:/Miroslav/Antas line/novi sajt/Bergo/Bergo XL/IMG_3769.jpg","novi sajt/Bergo/Bergo XL",IMG_3769.jpg,960,720,landscape,170
"C:/Miroslav/Antas line/novi sajt/Bergo/Bergo XL/IMG_3776.jpg","novi sajt/Bergo/Bergo XL",IMG_3776.jpg,960,720,landscape,166
"C:/Miroslav/Antas line/novi sajt/Bergo/Bergo XL/IMG_3788.jpg","novi sajt/Bergo/Bergo XL",IMG_3788.jpg,960,720,landscape,116
"C:/Miroslav/Antas line/novi sajt/Bergo/Bergo XL/IMG_3791.jpg","novi sajt/Bergo/Bergo XL",IMG_3791.jpg,1360,989,landscape,225
"C:/Miroslav/Antas line/novi sajt/Bergo/Bergo XL/opt/podna-obloga-oko-bazena.jpg","novi sajt/Bergo/Bergo XL/opt",podna-obloga-oko-bazena.jpg,800,500,landscape,139
"C:/Miroslav/Antas line/novi sajt/Bergo/Bergo XL/opt/podna-obloga-za-malu-terasu.jpg","novi sajt/Bergo/Bergo XL/opt",podna-obloga-za-malu-terasu.jpg,800,500,landscape,118
"C:/Miroslav/Antas line/novi sajt/Bergo/Bergo XL/opt/Podna-obloga-za-terasu-Bergo-xl.jpg","novi sajt/Bergo/Bergo XL/opt",Podna-obloga-za-terasu-Bergo-xl.jpg,800,500,landscape,130
"C:/Miroslav/Antas line/novi sajt/Bergo/Bergo XL/opt/podna-podloga-za-baste-kafica.jpg","novi sajt/Bergo/Bergo XL/opt",podna-podloga-za-baste-kafica.jpg,800,500,landscape,87
"C:/Miroslav/Antas line/novi sajt/Bergo/Bergo XL/opt/Podne-obloge-oko-bazena.jpg","novi sajt/Bergo/Bergo XL/opt",Podne-obloge-oko-bazena.jpg,800,500,landscape,142
"C:/Miroslav/Antas line/novi sajt/Bergo/Bergo XL/opt/podovi-za-terasu.jpg","novi sajt/Bergo/Bergo XL/opt",podovi-za-terasu.jpg,800,500,landscape,147
"C:/Miroslav/Antas line/novi sajt/Bergo/Bergo XL/Oriel Hotel 9.jpg","novi sajt/Bergo/Bergo XL","Oriel Hotel 9.jpg",2880,1920,landscape,992
"C:/Miroslav/Antas line/novi sajt/Bergo/Bergo XL/P1010988.jpg","novi sajt/Bergo/Bergo XL",P1010988.jpg,1280,960,landscape,216
"C:/Miroslav/Antas line/novi sajt/Bergo/Bergo XL/postavljanje-bergo-xl-podnih-obloga.jpg","novi sajt/Bergo/Bergo XL",postavljanje-bergo-xl-podnih-obloga.jpg,500,333,landscape,37
"C:/Miroslav/Antas line/novi sajt/Bergo/Bergo XL/postavljanje-podnih-ploca-Bergo-XL.jpg","novi sajt/Bergo/Bergo XL",postavljanje-podnih-ploca-Bergo-XL.jpg,500,333,landscape,28
"C:/Miroslav/Antas line/novi sajt/Bergo/Bergo XL/XL förråd.jpg","novi sajt/Bergo/Bergo XL","XL förråd.jpg",3072,2304,landscape,1112
"C:/Miroslav/Antas line/novi sajt/Bergo/Gotovo.jpg","novi sajt/Bergo",Gotovo.jpg,1772,1166,landscape,2934
"C:/Miroslav/Antas line/novi sajt/Bergo/podovi-za-baste-Bergo.jpg","novi sajt/Bergo",podovi-za-baste-Bergo.jpg,576,359,landscape,72
"C:/Miroslav/Antas line/novi sajt/bergo podloge za terasu.webp","novi sajt","bergo podloge za terasu.webp",970,515,landscape,96
"C:/Miroslav/Antas line/novi sajt/Ikonice/icon-1.png","novi sajt/Ikonice",icon-1.png,70,60,landscape,0
"C:/Miroslav/Antas line/novi sajt/Ikonice/noun-certificate-1203734.png","novi sajt/Ikonice",noun-certificate-1203734.png,700,700,kvadrat,16
"C:/Miroslav/Antas line/novi sajt/Ikonice/noun-certificate-1905366.png","novi sajt/Ikonice",noun-certificate-1905366.png,700,700,kvadrat,23
"C:/Miroslav/Antas line/novi sajt/Ikonice/noun-certificate-4725907.png","novi sajt/Ikonice",noun-certificate-4725907.png,700,700,kvadrat,14
"C:/Miroslav/Antas line/novi sajt/Ikonice/noun-cleaning-111506.png","novi sajt/Ikonice",noun-cleaning-111506.png,700,700,kvadrat,17
"C:/Miroslav/Antas line/novi sajt/Ikonice/noun-forklift-535006.png","novi sajt/Ikonice",noun-forklift-535006.png,700,700,kvadrat,11
"C:/Miroslav/Antas line/novi sajt/Ikonice/noun-glue-2779503.png","novi sajt/Ikonice",noun-glue-2779503.png,700,700,kvadrat,12
"C:/Miroslav/Antas line/novi sajt/Ikonice/noun-glue-890955.png","novi sajt/Ikonice",noun-glue-890955.png,700,700,kvadrat,19
"C:/Miroslav/Antas line/novi sajt/Ikonice/noun-non-slippery-2183975.png","novi sajt/Ikonice",noun-non-slippery-2183975.png,700,700,kvadrat,31
"C:/Miroslav/Antas line/novi sajt/Ikonice/noun-puzzle-17270.png","novi sajt/Ikonice",noun-puzzle-17270.png,700,700,kvadrat,25
"C:/Miroslav/Antas line/novi sajt/Ikonice/noun-slip-and-fall-1710929.png","novi sajt/Ikonice",noun-slip-and-fall-1710929.png,700,700,kvadrat,24
"C:/Miroslav/Antas line/novi sajt/Ikonice/noun-slipping-22298.png","novi sajt/Ikonice",noun-slipping-22298.png,700,700,kvadrat,21
"C:/Miroslav/Antas line/novi sajt/industrijski podovi/antistatik/antistatik-podna-obloga.jpg","novi sajt/industrijski podovi/antistatik",antistatik-podna-obloga.jpg,576,359,landscape,30
"C:/Miroslav/Antas line/novi sajt/industrijski podovi/antistatik/antistatik-podna-ploca.jpg","novi sajt/industrijski podovi/antistatik",antistatik-podna-ploca.jpg,576,359,landscape,27
"C:/Miroslav/Antas line/novi sajt/industrijski podovi/antistatik/antistatik-podne-obloge.jpg","novi sajt/industrijski podovi/antistatik",antistatik-podne-obloge.jpg,576,359,landscape,23
"C:/Miroslav/Antas line/novi sajt/industrijski podovi/antistatik/ESD-floor-3.jpg.webp","novi sajt/industrijski podovi/antistatik",ESD-floor-3.jpg.webp,800,328,landscape,15
"C:/Miroslav/Antas line/novi sajt/industrijski podovi/antistatik/ESD1.jpg","novi sajt/industrijski podovi/antistatik",ESD1.jpg,800,500,landscape,86
"C:/Miroslav/Antas line/novi sajt/industrijski podovi/antistatik/ESD3.jpg","novi sajt/industrijski podovi/antistatik",ESD3.jpg,800,500,landscape,56
"C:/Miroslav/Antas line/novi sajt/industrijski podovi/antistatik/ESD4.jpg","novi sajt/industrijski podovi/antistatik",ESD4.jpg,800,500,landscape,88
"C:/Miroslav/Antas line/novi sajt/industrijski podovi/antistatik/ESD5.jpg","novi sajt/industrijski podovi/antistatik",ESD5.jpg,800,500,landscape,54
"C:/Miroslav/Antas line/novi sajt/industrijski podovi/antistatik-podovi.jpg","novi sajt/industrijski podovi",antistatik-podovi.jpg,576,359,landscape,63
"C:/Miroslav/Antas line/novi sajt/industrijski podovi/ecotile 500-10/AIK-Bacaka-Topla-10mm-5.jpg","novi sajt/industrijski podovi/ecotile 500-10",AIK-Bacaka-Topla-10mm-5.jpg,800,534,landscape,44
"C:/Miroslav/Antas line/novi sajt/industrijski podovi/ecotile 500-10/AIK-Backa-Topola-10mm-1.jpg","novi sajt/industrijski podovi/ecotile 500-10",AIK-Backa-Topola-10mm-1.jpg,800,534,landscape,55
"C:/Miroslav/Antas line/novi sajt/industrijski podovi/ecotile 500-10/Martin-Baker-Aircraft-10mm.jpg","novi sajt/industrijski podovi/ecotile 500-10",Martin-Baker-Aircraft-10mm.jpg,600,368,landscape,52
"C:/Miroslav/Antas line/novi sajt/industrijski podovi/ecotile 500-10/naslovna - podloge velike izdrzljivosti.png","novi sajt/industrijski podovi/ecotile 500-10","naslovna - podloge velike izdrzljivosti.png",1696,608,landscape,1493
"C:/Miroslav/Antas line/novi sajt/industrijski podovi/ecotile 500-10/naslovna x500 10 - original.jpg","novi sajt/industrijski podovi/ecotile 500-10","naslovna x500 10 - original.jpg",1345,499,landscape,220
"C:/Miroslav/Antas line/novi sajt/industrijski podovi/ecotile 500-10/pod-visoke-izdrzljivosti.jpg","novi sajt/industrijski podovi/ecotile 500-10",pod-visoke-izdrzljivosti.jpg,576,359,landscape,42
"C:/Miroslav/Antas line/novi sajt/industrijski podovi/ecotile 500-10/pod-za-tesku-industriju.jpg","novi sajt/industrijski podovi/ecotile 500-10",pod-za-tesku-industriju.jpg,667,1000,portrait,86
"C:/Miroslav/Antas line/novi sajt/industrijski podovi/ecotile 500-10/Podne ploce preko ispucalog betona.webp","novi sajt/industrijski podovi/ecotile 500-10","Podne ploce preko ispucalog betona.webp",800,534,landscape,67
"C:/Miroslav/Antas line/novi sajt/industrijski podovi/ecotile 500-10/vatrogasna-stanica.jpg","novi sajt/industrijski podovi/ecotile 500-10",vatrogasna-stanica.jpg,640,427,landscape,53
"C:/Miroslav/Antas line/novi sajt/industrijski podovi/ecotile 500-10/x500-10.webp","novi sajt/industrijski podovi/ecotile 500-10",x500-10.webp,800,534,landscape,137
"C:/Miroslav/Antas line/novi sajt/industrijski podovi/ecotile 500-5/E500-5-Dark-Grey_Header-1.jpg.webp","novi sajt/industrijski podovi/ecotile 500-5",E500-5-Dark-Grey_Header-1.jpg.webp,800,498,landscape,43
"C:/Miroslav/Antas line/novi sajt/industrijski podovi/ecotile 500-5/E500-5-Light-Grey_Header-1.jpg.webp","novi sajt/industrijski podovi/ecotile 500-5",E500-5-Light-Grey_Header-1.jpg.webp,800,498,landscape,29
"C:/Miroslav/Antas line/novi sajt/industrijski podovi/ecotile 500-5/ecotile-500-5-svetlo-siva.jpg","novi sajt/industrijski podovi/ecotile 500-5",ecotile-500-5-svetlo-siva.jpg,576,359,landscape,31
"C:/Miroslav/Antas line/novi sajt/industrijski podovi/ecotile 500-5/ecotile-500-5-tamno-siva.jpg","novi sajt/industrijski podovi/ecotile 500-5",ecotile-500-5-tamno-siva.jpg,576,359,landscape,40
"C:/Miroslav/Antas line/novi sajt/industrijski podovi/ecotile 500-5/Ecotile-5mm-Orion-telekom-Beograd.jpg","novi sajt/industrijski podovi/ecotile 500-5",Ecotile-5mm-Orion-telekom-Beograd.jpg,1000,667,landscape,46
"C:/Miroslav/Antas line/novi sajt/industrijski podovi/ecotile 500-5/Ecotile-zubarska-ordinacija.jpg","novi sajt/industrijski podovi/ecotile 500-5",Ecotile-zubarska-ordinacija.jpg,1000,667,landscape,53
"C:/Miroslav/Antas line/novi sajt/industrijski podovi/ecotile 500-5/paletar-na-podu.jpg","novi sajt/industrijski podovi/ecotile 500-5",paletar-na-podu.jpg,672,1008,portrait,114
"C:/Miroslav/Antas line/novi sajt/industrijski podovi/ecotile 500-5/pod-u-marketu.jpg","novi sajt/industrijski podovi/ecotile 500-5",pod-u-marketu.jpg,576,359,landscape,46
"C:/Miroslav/Antas line/novi sajt/industrijski podovi/ecotile 500-5/Pod-za-prodavnicu-boja.jpg","novi sajt/industrijski podovi/ecotile 500-5",Pod-za-prodavnicu-boja.jpg,800,500,landscape,103
"C:/Miroslav/Antas line/novi sajt/industrijski podovi/ecotile 500-5/republicki-zavod-za-sport-1.jpg","novi sajt/industrijski podovi/ecotile 500-5",republicki-zavod-za-sport-1.jpg,640,960,portrait,56
"C:/Miroslav/Antas line/novi sajt/industrijski podovi/ecotile 500-7/E500-7-Graphite_Header.jpg.webp","novi sajt/industrijski podovi/ecotile 500-7",E500-7-Graphite_Header.jpg.webp,800,498,landscape,48
"C:/Miroslav/Antas line/novi sajt/industrijski podovi/ecotile 500-7/ecotile-500-7-crna.jpg","novi sajt/industrijski podovi/ecotile 500-7",ecotile-500-7-crna.jpg,376,234,landscape,22
"C:/Miroslav/Antas line/novi sajt/industrijski podovi/ecotile 500-7/ecotile-500-7-crvena.jpg","novi sajt/industrijski podovi/ecotile 500-7",ecotile-500-7-crvena.jpg,376,234,landscape,20
"C:/Miroslav/Antas line/novi sajt/industrijski podovi/ecotile 500-7/ecotile-500-7-grafit.jpg","novi sajt/industrijski podovi/ecotile 500-7",ecotile-500-7-grafit.jpg,376,234,landscape,18
"C:/Miroslav/Antas line/novi sajt/industrijski podovi/ecotile 500-7/ecotile-500-7-plava.jpg","novi sajt/industrijski podovi/ecotile 500-7",ecotile-500-7-plava.jpg,376,234,landscape,19
"C:/Miroslav/Antas line/novi sajt/industrijski podovi/ecotile 500-7/ecotile-500-7-zelena.jpg","novi sajt/industrijski podovi/ecotile 500-7",ecotile-500-7-zelena.jpg,376,234,landscape,21
"C:/Miroslav/Antas line/novi sajt/industrijski podovi/ecotile 500-7/ecotile-500-7-zuta.jpg","novi sajt/industrijski podovi/ecotile 500-7",ecotile-500-7-zuta.jpg,376,234,landscape,11
"C:/Miroslav/Antas line/novi sajt/industrijski podovi/ecotile 500-7/Ecotile-7mm-Magacin.jpg","novi sajt/industrijski podovi/ecotile 500-7",Ecotile-7mm-Magacin.jpg,968,648,landscape,103
"C:/Miroslav/Antas line/novi sajt/industrijski podovi/ecotile 500-7/Ecotile-e5007-grey.png.webp","novi sajt/industrijski podovi/ecotile 500-7",Ecotile-e5007-grey.png.webp,650,650,kvadrat,46
"C:/Miroslav/Antas line/novi sajt/industrijski podovi/ecotile 500-7/ecotile5007.jpg","novi sajt/industrijski podovi/ecotile 500-7",ecotile5007.jpg,576,359,landscape,47
"C:/Miroslav/Antas line/novi sajt/industrijski podovi/ecotile 500-7/pod-u-magacinu.jpg","novi sajt/industrijski podovi/ecotile 500-7",pod-u-magacinu.jpg,345,345,kvadrat,21
"C:/Miroslav/Antas line/novi sajt/industrijski podovi/ecotile 500-7/pod-za-garaze.jpg","novi sajt/industrijski podovi/ecotile 500-7",pod-za-garaze.jpg,800,500,landscape,108
"C:/Miroslav/Antas line/novi sajt/industrijski podovi/ecotile 500-7/pod-za-viljuskare.jpg","novi sajt/industrijski podovi/ecotile 500-7",pod-za-viljuskare.jpg,345,345,kvadrat,32
"C:/Miroslav/Antas line/novi sajt/industrijski podovi/ecotile 500-7/podna-ploca-ecotile-500-7.jpg","novi sajt/industrijski podovi/ecotile 500-7",podna-ploca-ecotile-500-7.jpg,345,345,kvadrat,18
"C:/Miroslav/Antas line/novi sajt/industrijski podovi/ecotile 500-7/podne-obloge-ecotile-500-7.jpg","novi sajt/industrijski podovi/ecotile 500-7",podne-obloge-ecotile-500-7.jpg,345,345,kvadrat,27
"C:/Miroslav/Antas line/novi sajt/industrijski podovi/ecotile 500-7/postavljanje-podne-obloge.jpg","novi sajt/industrijski podovi/ecotile 500-7",postavljanje-podne-obloge.jpg,345,345,kvadrat,22
"C:/Miroslav/Antas line/novi sajt/industrijski podovi/ecotile 500-7/viljuskar-preko-industrijskog-poda.jpg","novi sajt/industrijski podovi/ecotile 500-7",viljuskar-preko-industrijskog-poda.jpg,345,345,kvadrat,37
"C:/Miroslav/Antas line/novi sajt/industrijski podovi/ecotile 500-7/viljuskar-u-magacinu.jpg","novi sajt/industrijski podovi/ecotile 500-7",viljuskar-u-magacinu.jpg,345,345,kvadrat,32
"C:/Miroslav/Antas line/novi sajt/industrijski podovi/EcoTile-Collage.jpg","novi sajt/industrijski podovi",EcoTile-Collage.jpg,1024,703,landscape,52
"C:/Miroslav/Antas line/novi sajt/industrijski podovi/ecotiles/AMSS servis2.jpg","novi sajt/industrijski podovi/ecotiles","AMSS servis2.jpg",1210,908,landscape,344
"C:/Miroslav/Antas line/novi sajt/industrijski podovi/ecotiles/ecotile 500 7 epson.jpg","novi sajt/industrijski podovi/ecotiles","ecotile 500 7 epson.jpg",799,533,landscape,150
"C:/Miroslav/Antas line/novi sajt/industrijski podovi/ecotiles/ecotile 500-7 magacin plava .jpg","novi sajt/industrijski podovi/ecotiles","ecotile 500-7 magacin plava .jpg",1005,612,landscape,100
"C:/Miroslav/Antas line/novi sajt/industrijski podovi/ecotiles/Ecotile 500-7 magacin5.jpg","novi sajt/industrijski podovi/ecotiles","Ecotile 500-7 magacin5.jpg",1280,960,landscape,176
"C:/Miroslav/Antas line/novi sajt/industrijski podovi/ecotiles/ecotile 500-7 magacin6.jpg","novi sajt/industrijski podovi/ecotiles","ecotile 500-7 magacin6.jpg",1280,960,landscape,214
"C:/Miroslav/Antas line/novi sajt/industrijski podovi/ecotiles/ecotile 500-7 magacin7.jpg","novi sajt/industrijski podovi/ecotiles","ecotile 500-7 magacin7.jpg",1280,960,landscape,249
"C:/Miroslav/Antas line/novi sajt/industrijski podovi/ecotiles/ecotile 500-7 magacin8.jpg","novi sajt/industrijski podovi/ecotiles","ecotile 500-7 magacin8.jpg",1280,960,landscape,158
"C:/Miroslav/Antas line/novi sajt/industrijski podovi/ecotiles/ecotile 5005 super market.jpg","novi sajt/industrijski podovi/ecotiles","ecotile 5005 super market.jpg",1280,1707,portrait,182
"C:/Miroslav/Antas line/novi sajt/industrijski podovi/ecotiles/Ecotile 5mm - Orion telekom Beograd.JPG","novi sajt/industrijski podovi/ecotiles","Ecotile 5mm - Orion telekom Beograd.JPG",1632,1224,landscape,413
"C:/Miroslav/Antas line/novi sajt/industrijski podovi/ecotiles/ecotile maloprodaja.jpg","novi sajt/industrijski podovi/ecotiles","ecotile maloprodaja.jpg",1280,720,landscape,170
"C:/Miroslav/Antas line/novi sajt/industrijski podovi/ecotiles/ecotile pod za garazu.jpg","novi sajt/industrijski podovi/ecotiles","ecotile pod za garazu.jpg",960,815,landscape,93
"C:/Miroslav/Antas line/novi sajt/industrijski podovi/ecotiles/ecotile posle.jpg","novi sajt/industrijski podovi/ecotiles","ecotile posle.jpg",634,473,landscape,214
"C:/Miroslav/Antas line/novi sajt/industrijski podovi/ecotiles/ecotile slika1.jpg","novi sajt/industrijski podovi/ecotiles","ecotile slika1.jpg",600,371,landscape,35
"C:/Miroslav/Antas line/novi sajt/industrijski podovi/ecotiles/ecotile slika5.jpg","novi sajt/industrijski podovi/ecotiles","ecotile slika5.jpg",600,422,landscape,33
"C:/Miroslav/Antas line/novi sajt/industrijski podovi/ecotiles/ESD POD SLIKA.jpg","novi sajt/industrijski podovi/ecotiles","ESD POD SLIKA.jpg",489,335,landscape,29
"C:/Miroslav/Antas line/novi sajt/industrijski podovi/ecotiles/Industrijski podovi Ecotile u proizvodnji.jpeg","novi sajt/industrijski podovi/ecotiles","Industrijski podovi Ecotile u proizvodnji.jpeg",835,626,landscape,136
"C:/Miroslav/Antas line/novi sajt/industrijski podovi/ecotiles/magacin 500 7 crna.jpg","novi sajt/industrijski podovi/ecotiles","magacin 500 7 crna.jpg",800,600,landscape,157
"C:/Miroslav/Antas line/novi sajt/industrijski podovi/ecotiles/pakeraj.jpg","novi sajt/industrijski podovi/ecotiles",pakeraj.jpg,720,541,landscape,77
"C:/Miroslav/Antas line/novi sajt/industrijski podovi/ecotiles/republicki zavod za sport 1.jpg","novi sajt/industrijski podovi/ecotiles","republicki zavod za sport 1.jpg",720,960,portrait,52
"C:/Miroslav/Antas line/novi sajt/industrijski podovi/ecotiles/sl2.jpg","novi sajt/industrijski podovi/ecotiles",sl2.jpg,960,720,landscape,93
"C:/Miroslav/Antas line/novi sajt/industrijski podovi/ecotiles/TMD Ecotile.jpg","novi sajt/industrijski podovi/ecotiles","TMD Ecotile.jpg",3264,2448,landscape,2707
"C:/Miroslav/Antas line/novi sajt/industrijski podovi/ecotiles/Štamparija Tuli proizvodnja.jpg","novi sajt/industrijski podovi/ecotiles","Štamparija Tuli proizvodnja.jpg",640,360,landscape,87
"C:/Miroslav/Antas line/novi sajt/industrijski podovi/EcoTiles.jpg","novi sajt/industrijski podovi",EcoTiles.jpg,1920,540,landscape,108
"C:/Miroslav/Antas line/novi sajt/industrijski podovi/ergomat/ergomat.jpg","novi sajt/industrijski podovi/ergomat",ergomat.jpg,590,365,landscape,61
"C:/Miroslav/Antas line/novi sajt/industrijski podovi/ergomat/ergonomski-podovi-ergomat.jpg","novi sajt/industrijski podovi/ergomat",ergonomski-podovi-ergomat.jpg,576,359,landscape,52
"C:/Miroslav/Antas line/novi sajt/industrijski podovi/ergomat/ergonomski-podovi.jpg","novi sajt/industrijski podovi/ergomat",ergonomski-podovi.jpg,576,359,landscape,39
"C:/Miroslav/Antas line/novi sajt/industrijski podovi/ergomat/Matting_Infinity_Bubble.jpg","novi sajt/industrijski podovi/ergomat",Matting_Infinity_Bubble.jpg,489,336,landscape,71
"C:/Miroslav/Antas line/novi sajt/industrijski podovi/ergomat/Matting_Infinity_Smooth.jpg","novi sajt/industrijski podovi/ergomat",Matting_Infinity_Smooth.jpg,190,150,landscape,11
"C:/Miroslav/Antas line/novi sajt/industrijski podovi/graphite-e500.jpg","novi sajt/industrijski podovi",graphite-e500.jpg,500,500,kvadrat,42
"C:/Miroslav/Antas line/novi sajt/industrijski podovi/industrijski podovi pozadina.webp","novi sajt/industrijski podovi","industrijski podovi pozadina.webp",1920,1009,landscape,197
"C:/Miroslav/Antas line/novi sajt/industrijski podovi/pod-za-magacinski-prostor.jpg","novi sajt/industrijski podovi",pod-za-magacinski-prostor.jpg,576,359,landscape,58
"C:/Miroslav/Antas line/novi sajt/industrijski podovi/pod-za-velika-opterecenja.jpg","novi sajt/industrijski podovi",pod-za-velika-opterecenja.jpg,576,359,landscape,40
"C:/Miroslav/Antas line/novi sajt/industrijski podovi/podovi za baste terase i dvorista.webp","novi sajt/industrijski podovi","podovi za baste terase i dvorista.webp",1920,1009,landscape,263
"C:/Miroslav/Antas line/novi sajt/industrijski podovi/podovi-za-garaze.jpg","novi sajt/industrijski podovi",podovi-za-garaze.jpg,576,359,landscape,64
"C:/Miroslav/Antas line/novi sajt/industrijski podovi/podovi-za-proizvodne-hale.jpg","novi sajt/industrijski podovi",podovi-za-proizvodne-hale.jpg,576,359,landscape,57
"C:/Miroslav/Antas line/novi sajt/industrijski podovi/podovi-za-radionice.jpg","novi sajt/industrijski podovi",podovi-za-radionice.jpg,576,359,landscape,46
"C:/Miroslav/Antas line/novi sajt/industrijski podovi/sportske podloge teren za basket.webp","novi sajt/industrijski podovi","sportske podloge teren za basket.webp",1920,1009,landscape,168
"C:/Miroslav/Antas line/novi sajt/industrijski podovi/teren za basket na krovu trznog centra galerija.webp","novi sajt/industrijski podovi","teren za basket na krovu trznog centra galerija.webp",1920,1009,landscape,480
"C:/Miroslav/Antas line/novi sajt/Naxos evolution/banner_naxos_sport_evolution_.jpg","novi sajt/Naxos evolution",banner_naxos_sport_evolution_.jpg,1661,814,landscape,968
"C:/Miroslav/Antas line/novi sajt/Naxos evolution/IMG-20180607-WA0002.jpg","novi sajt/Naxos evolution",IMG-20180607-WA0002.jpg,1599,1200,landscape,148
"C:/Miroslav/Antas line/novi sajt/Naxos evolution/naxos podloge presek.jpg","novi sajt/Naxos evolution","naxos podloge presek.jpg",402,429,portrait,14
"C:/Miroslav/Antas line/novi sajt/Naxos evolution/naxos-5.jpg","novi sajt/Naxos evolution",naxos-5.jpg,1158,960,landscape,158
"C:/Miroslav/Antas line/novi sajt/Naxos evolution/naxos-evolution-sportska-podloga.jpg","novi sajt/Naxos evolution",naxos-evolution-sportska-podloga.jpg,500,377,landscape,21
"C:/Miroslav/Antas line/novi sajt/Naxos evolution/naxos-evolution-sportski-podovi.jpg","novi sajt/Naxos evolution",naxos-evolution-sportski-podovi.jpg,576,359,landscape,23
"C:/Miroslav/Antas line/novi sajt/Naxos evolution/podloga-za-salu.jpg","novi sajt/Naxos evolution",podloga-za-salu.jpg,800,500,landscape,79
"C:/Miroslav/Antas line/novi sajt/Naxos evolution/podloge za kosarku u sali.jpg","novi sajt/Naxos evolution","podloge za kosarku u sali.jpg",1181,886,landscape,100
"C:/Miroslav/Antas line/novi sajt/Naxos evolution/podloge-za-kosarku-u-sali.jpg","novi sajt/Naxos evolution",podloge-za-kosarku-u-sali.jpg,800,500,landscape,81
"C:/Miroslav/Antas line/novi sajt/Naxos evolution/podna-podloga-za-sportsku-salu.jpg","novi sajt/Naxos evolution",podna-podloga-za-sportsku-salu.jpg,800,500,landscape,126
"C:/Miroslav/Antas line/novi sajt/Naxos evolution/Postavljanje-montaznog-poda-u-sali.jpg","novi sajt/Naxos evolution",Postavljanje-montaznog-poda-u-sali.jpg,800,500,landscape,76
"C:/Miroslav/Antas line/novi sajt/Naxos evolution/SOU-Hradec-Kralove-s-ciarami.jpg","novi sajt/Naxos evolution",SOU-Hradec-Kralove-s-ciarami.jpg,2272,1704,landscape,267
"C:/Miroslav/Antas line/novi sajt/Naxos evolution/sportska-podloga-naxos-evolution.jpg","novi sajt/Naxos evolution",sportska-podloga-naxos-evolution.jpg,800,500,landscape,122
"C:/Miroslav/Antas line/novi sajt/Naxos evolution/sportski pod za salu.jpg","novi sajt/Naxos evolution","sportski pod za salu.jpg",886,664,landscape,103
"C:/Miroslav/Antas line/novi sajt/Naxos evolution/sportski-pod-za-salu.jpg","novi sajt/Naxos evolution",sportski-pod-za-salu.jpg,800,500,landscape,81
"C:/Miroslav/Antas line/novi sajt/Odbojnici za zidove/odbojnik za zid u magacinu.webp","novi sajt/Odbojnici za zidove","odbojnik za zid u magacinu.webp",576,359,landscape,51
"C:/Miroslav/Antas line/novi sajt/Patmos/evolution/costumjizavel_patmos.jpg","novi sajt/Patmos/evolution",costumjizavel_patmos.jpg,600,394,landscape,63
"C:/Miroslav/Antas line/novi sajt/Patmos/evolution/patmos-evloution-podne-podloge.jpg","novi sajt/Patmos/evolution",patmos-evloution-podne-podloge.jpg,576,359,landscape,46
"C:/Miroslav/Antas line/novi sajt/Patmos/evolution/patmos-evolution-shema.jpg","novi sajt/Patmos/evolution",patmos-evolution-shema.jpg,402,372,landscape,17
"C:/Miroslav/Antas line/novi sajt/Patmos/evolution/patmos-evolution-sportska-podloga.jpg","novi sajt/Patmos/evolution",patmos-evolution-sportska-podloga.jpg,500,377,landscape,27
"C:/Miroslav/Antas line/novi sajt/podloge za parking/geocross na javnoj povrsini.webp","novi sajt/podloge za parking","geocross na javnoj povrsini.webp",1240,823,landscape,352
"C:/Miroslav/Antas line/novi sajt/podloge za parking/geocross podloga primer ploce.webp","novi sajt/podloge za parking","geocross podloga primer ploce.webp",600,600,kvadrat,34
"C:/Miroslav/Antas line/novi sajt/podloge za parking/geocross podloga primer.webp","novi sajt/podloge za parking","geocross podloga primer.webp",600,600,kvadrat,27
"C:/Miroslav/Antas line/novi sajt/podloge za parking/geocross podloga za parkinge.webp","novi sajt/podloge za parking","geocross podloga za parkinge.webp",1240,500,landscape,199
"C:/Miroslav/Antas line/novi sajt/podloge za parking/geocross posle dužeg vremena.webp","novi sajt/podloge za parking","geocross posle dužeg vremena.webp",1240,823,landscape,489
"C:/Miroslav/Antas line/novi sajt/podloge za parking/geoflor kod krivog tornja u Pizi.webp","novi sajt/podloge za parking","geoflor kod krivog tornja u Pizi.webp",1240,823,landscape,288
"C:/Miroslav/Antas line/novi sajt/podloge za parking/Geoflor ploca.webp","novi sajt/podloge za parking","Geoflor ploca.webp",600,600,kvadrat,61
"C:/Miroslav/Antas line/novi sajt/podloge za parking/geogravel na parkingu stadiona juventusa.webp","novi sajt/podloge za parking","geogravel na parkingu stadiona juventusa.webp",1240,823,landscape,145
"C:/Miroslav/Antas line/novi sajt/podloge za parking/geogravel sa sljunkom.webp","novi sajt/podloge za parking","geogravel sa sljunkom.webp",1240,823,landscape,369
"C:/Miroslav/Antas line/novi sajt/podloge za parking/geogravel.webp","novi sajt/podloge za parking",geogravel.webp,600,600,kvadrat,82
"C:/Miroslav/Antas line/novi sajt/podloge za parking/heliodrom sa vodopropusnom podlogom.webp","novi sajt/podloge za parking","heliodrom sa vodopropusnom podlogom.webp",1240,823,landscape,272
"C:/Miroslav/Antas line/novi sajt/podloge za parking/korak dva - povezivanje ploca.webp","novi sajt/podloge za parking","korak dva - povezivanje ploca.webp",600,600,kvadrat,45
"C:/Miroslav/Antas line/novi sajt/podloge za parking/korak tri - valjanje podova.webp","novi sajt/podloge za parking","korak tri - valjanje podova.webp",600,600,kvadrat,48
"C:/Miroslav/Antas line/novi sajt/podloge za parking/krov sa geogravel podlogom i sljunkom.webp","novi sajt/podloge za parking","krov sa geogravel podlogom i sljunkom.webp",1240,823,landscape,149
"C:/Miroslav/Antas line/novi sajt/podloge za parking/montiran pod.webp","novi sajt/podloge za parking","montiran pod.webp",600,600,kvadrat,65
"C:/Miroslav/Antas line/novi sajt/podloge za parking/parking podloge.webp","novi sajt/podloge za parking","parking podloge.webp",800,500,landscape,126
"C:/Miroslav/Antas line/novi sajt/podloge za parking/parking sa geogravel podlogom.webp","novi sajt/podloge za parking","parking sa geogravel podlogom.webp",1240,823,landscape,229
"C:/Miroslav/Antas line/novi sajt/podloge za parking/parking sa runfloor podlogom.webp","novi sajt/podloge za parking","parking sa runfloor podlogom.webp",1240,823,landscape,169
"C:/Miroslav/Antas line/novi sajt/podloge za parking/parking staza na travnjaku sa automobilom preko staze.webp","novi sajt/podloge za parking","parking staza na travnjaku sa automobilom preko staze.webp",1240,823,landscape,530
"C:/Miroslav/Antas line/novi sajt/podloge za parking/Plastična podloga za kretanje vozila preko šljunka - GEOGRAVEL.webp","novi sajt/podloge za parking","Plastična podloga za kretanje vozila preko šljunka - GEOGRAVEL.webp",1240,500,landscape,203
"C:/Miroslav/Antas line/novi sajt/podloge za parking/podloga geoflor sa travom koja probija.webp","novi sajt/podloge za parking","podloga geoflor sa travom koja probija.webp",1240,823,landscape,529
"C:/Miroslav/Antas line/novi sajt/podloge za parking/podloga za parkiralista.webp","novi sajt/podloge za parking","podloga za parkiralista.webp",800,500,landscape,96
"C:/Miroslav/Antas line/novi sajt/podloge za parking/podloge za kretanje vozilima preko trave.webp","novi sajt/podloge za parking","podloge za kretanje vozilima preko trave.webp",1240,823,landscape,383
"C:/Miroslav/Antas line/novi sajt/podloge za parking/postavljanje geogravel podloge sa masinama.webp","novi sajt/podloge za parking","postavljanje geogravel podloge sa masinama.webp",1240,823,landscape,117
"C:/Miroslav/Antas line/novi sajt/podloge za parking/postavljanje geogravel podloge.webp","novi sajt/podloge za parking","postavljanje geogravel podloge.webp",1240,823,landscape,423
"C:/Miroslav/Antas line/novi sajt/podloge za parking/postavljanje podloga geocross.webp","novi sajt/podloge za parking","postavljanje podloga geocross.webp",600,600,kvadrat,64
"C:/Miroslav/Antas line/novi sajt/podloge za parking/postavljanje podloge za parking.webp","novi sajt/podloge za parking","postavljanje podloge za parking.webp",1240,823,landscape,219
"C:/Miroslav/Antas line/novi sajt/podloge za parking/prelaz vozilima preko travnatog terena sa podlogom.webp","novi sajt/podloge za parking","prelaz vozilima preko travnatog terena sa podlogom.webp",1240,823,landscape,274
"C:/Miroslav/Antas line/novi sajt/podloge za parking/Runfloor podloga prikaz.webp","novi sajt/podloge za parking","Runfloor podloga prikaz.webp",1240,500,landscape,95
"C:/Miroslav/Antas line/novi sajt/podloge za parking/runfloor podloga za parkinge.webp","novi sajt/podloge za parking","runfloor podloga za parkinge.webp",1240,500,landscape,384
"C:/Miroslav/Antas line/novi sajt/podloge za parking/runfloor podloga.webp","novi sajt/podloge za parking","runfloor podloga.webp",722,500,landscape,96
"C:/Miroslav/Antas line/novi sajt/podloge za parking/runfloor polaganje ploca.webp","novi sajt/podloge za parking","runfloor polaganje ploca.webp",1240,823,landscape,205
"C:/Miroslav/Antas line/novi sajt/podloge za parking/runfloor sa travom - parking.webp","novi sajt/podloge za parking","runfloor sa travom - parking.webp",1240,823,landscape,607
"C:/Miroslav/Antas line/novi sajt/podloge za parking/runfloor.webp","novi sajt/podloge za parking",runfloor.webp,800,500,landscape,95
"C:/Miroslav/Antas line/novi sajt/podloge za parking/vodopropusna parking podloga geoflor.webp","novi sajt/podloge za parking","vodopropusna parking podloga geoflor.webp",1240,500,landscape,317
"C:/Miroslav/Antas line/novi sajt/podloge za stale/konj na podlozi za stale.webp","novi sajt/podloge za stale","konj na podlozi za stale.webp",1240,823,landscape,265
"C:/Miroslav/Antas line/novi sajt/podloge za stale/paddock i stable podloge za stale na travi.webp","novi sajt/podloge za stale","paddock i stable podloge za stale na travi.webp",1240,823,landscape,419
"C:/Miroslav/Antas line/novi sajt/podloge za stale/paddock i stable podloge za stale postavka na travi.webp","novi sajt/podloge za stale","paddock i stable podloge za stale postavka na travi.webp",800,800,kvadrat,332
"C:/Miroslav/Antas line/novi sajt/podloge za stale/paddock i stable podloge za stale.webp","novi sajt/podloge za stale","paddock i stable podloge za stale.webp",1240,823,landscape,243
"C:/Miroslav/Antas line/novi sajt/podloge za stale/podloge za stale sa sljunkom.webp","novi sajt/podloge za stale","podloge za stale sa sljunkom.webp",1240,823,landscape,387
"C:/Miroslav/Antas line/novi sajt/Poslovni prostor/Expona clic 19db/expona-clic-19-db.jpg","novi sajt/Poslovni prostor/Expona clic 19db",expona-clic-19-db.jpg,576,359,landscape,37
"C:/Miroslav/Antas line/novi sajt/Poslovni prostor/Expona clic 19db/expona-clic-19db-klik-sistem.jpg","novi sajt/Poslovni prostor/Expona clic 19db",expona-clic-19db-klik-sistem.jpg,576,359,landscape,39
"C:/Miroslav/Antas line/novi sajt/Poslovni prostor/Expona clic 19db/expona-clic-19db.jpg","novi sajt/Poslovni prostor/Expona clic 19db",expona-clic-19db.jpg,576,693,portrait,69
"C:/Miroslav/Antas line/novi sajt/Poslovni prostor/Expona clic 19db/nacin-vezivanja-ploca-klik-sistemom.jpg","novi sajt/Poslovni prostor/Expona clic 19db",nacin-vezivanja-ploca-klik-sistemom.jpg,576,359,landscape,14
"C:/Miroslav/Antas line/novi sajt/Poslovni prostor/Expona clic 19db/objectflor_exponaclic19db-bodenversand24_600x600@2x.jpg","novi sajt/Poslovni prostor/Expona clic 19db",objectflor_exponaclic19db-bodenversand24_600x600@2x.jpg,1024,576,landscape,135
"C:/Miroslav/Antas line/novi sajt/Poslovni prostor/Expona clic 19db/pod-u-vinariji-expona-clic.jpg","novi sajt/Poslovni prostor/Expona clic 19db",pod-u-vinariji-expona-clic.jpg,576,359,landscape,70
"C:/Miroslav/Antas line/novi sajt/Poslovni prostor/Expona comercial/Arctic-Mosaic-5094.jpg","novi sajt/Poslovni prostor/Expona comercial",Arctic-Mosaic-5094.jpg,1106,360,landscape,121
"C:/Miroslav/Antas line/novi sajt/Poslovni prostor/Expona comercial/a_COM_4031_Natural_Brushed_Oak_300dpi_CMYK_161102_237603.jpeg","novi sajt/Poslovni prostor/Expona comercial",a_COM_4031_Natural_Brushed_Oak_300dpi_CMYK_161102_237603.jpeg,1140,380,landscape,191
"C:/Miroslav/Antas line/novi sajt/Poslovni prostor/Expona comercial/a_COM_4033_CMYK_300dpi_200824_237604.jpeg","novi sajt/Poslovni prostor/Expona comercial",a_COM_4033_CMYK_300dpi_200824_237604.jpeg,1140,380,landscape,179
"C:/Miroslav/Antas line/novi sajt/Poslovni prostor/Expona comercial/Blue-Salvaged-Wood-4103.jpg","novi sajt/Poslovni prostor/Expona comercial",Blue-Salvaged-Wood-4103.jpg,1106,360,landscape,82
"C:/Miroslav/Antas line/novi sajt/Poslovni prostor/Expona comercial/Designboden-EXPONA-FLOW-9863-Ambiente_239100.jpg","novi sajt/Poslovni prostor/Expona comercial",Designboden-EXPONA-FLOW-9863-Ambiente_239100.jpg,1140,380,landscape,340
"C:/Miroslav/Antas line/novi sajt/Poslovni prostor/Expona comercial/Endgrain-Woodblock-4109.jpg","novi sajt/Poslovni prostor/Expona comercial",Endgrain-Woodblock-4109.jpg,1106,360,landscape,70
"C:/Miroslav/Antas line/novi sajt/Poslovni prostor/Expona comercial/expona-commercial-flooring.jpg","novi sajt/Poslovni prostor/Expona comercial",expona-commercial-flooring.jpg,576,359,landscape,43
"C:/Miroslav/Antas line/novi sajt/Poslovni prostor/Expona comercial/expona-commercial.jpg","novi sajt/Poslovni prostor/Expona comercial",expona-commercial.jpg,576,359,landscape,59
"C:/Miroslav/Antas line/novi sajt/Poslovni prostor/Expona comercial/Grey-Terrazzo-5128.jpg","novi sajt/Poslovni prostor/Expona comercial",Grey-Terrazzo-5128.jpg,1106,360,landscape,122
"C:/Miroslav/Antas line/novi sajt/Poslovni prostor/Expona comercial/Iron-Ore-5102.jpg","novi sajt/Poslovni prostor/Expona comercial",Iron-Ore-5102.jpg,1106,360,landscape,55
"C:/Miroslav/Antas line/novi sajt/Poslovni prostor/Expona comercial/LVT-expona-commercial-pod.jpg","novi sajt/Poslovni prostor/Expona comercial",LVT-expona-commercial-pod.jpg,576,359,landscape,41
"C:/Miroslav/Antas line/novi sajt/Poslovni prostor/Expona comercial/lvt-pod-expona-commercial.jpg","novi sajt/Poslovni prostor/Expona comercial",lvt-pod-expona-commercial.jpg,576,359,landscape,67
"C:/Miroslav/Antas line/novi sajt/Poslovni prostor/Expona comercial/Natural-Barnwood-4107.jpg","novi sajt/Poslovni prostor/Expona comercial",Natural-Barnwood-4107.jpg,1106,360,landscape,90
"C:/Miroslav/Antas line/novi sajt/Poslovni prostor/Expona comercial/Provence-Oak-Fusion-4119.jpg","novi sajt/Poslovni prostor/Expona comercial",Provence-Oak-Fusion-4119.jpg,1106,360,landscape,78
"C:/Miroslav/Antas line/novi sajt/Poslovni prostor/Expona comercial/Rusted-Metal-5098.jpg","novi sajt/Poslovni prostor/Expona comercial",Rusted-Metal-5098.jpg,1106,360,landscape,67
"C:/Miroslav/Antas line/novi sajt/Poslovni prostor/Expona comercial/Saffron-Oak-Parquet-4121.jpg","novi sajt/Poslovni prostor/Expona comercial",Saffron-Oak-Parquet-4121.jpg,1106,360,landscape,69
"C:/Miroslav/Antas line/novi sajt/Poslovni prostor/Expona comercial/Sherwood-Oak-Versailles-4124.jpg","novi sajt/Poslovni prostor/Expona comercial",Sherwood-Oak-Versailles-4124.jpg,1106,360,landscape,88
"C:/Miroslav/Antas line/novi sajt/Poslovni prostor/Expona comercial/Vinil-pod-u-rolnama-dekorativni.jpg","novi sajt/Poslovni prostor/Expona comercial",Vinil-pod-u-rolnama-dekorativni.jpg,576,359,landscape,44
"C:/Miroslav/Antas line/novi sajt/Poslovni prostor/Expona comercial/vinil-pod-u-skoli.jpg","novi sajt/Poslovni prostor/Expona comercial",vinil-pod-u-skoli.jpg,576,359,landscape,49
"C:/Miroslav/Antas line/novi sajt/Poslovni prostor/Expona Flow/Aged-Oak-9824.jpg","novi sajt/Poslovni prostor/Expona Flow",Aged-Oak-9824.jpg,330,107,landscape,6
"C:/Miroslav/Antas line/novi sajt/Poslovni prostor/Expona Flow/Blond-Oak-9820.jpg","novi sajt/Poslovni prostor/Expona Flow",Blond-Oak-9820.jpg,320,104,landscape,7
"C:/Miroslav/Antas line/novi sajt/Poslovni prostor/Expona Flow/Classic-Limed-Ash-9833.jpg","novi sajt/Poslovni prostor/Expona Flow",Classic-Limed-Ash-9833.jpg,330,107,landscape,5
"C:/Miroslav/Antas line/novi sajt/Poslovni prostor/Expona Flow/English-Oak-9823.jpg","novi sajt/Poslovni prostor/Expona Flow",English-Oak-9823.jpg,330,107,landscape,7
"C:/Miroslav/Antas line/novi sajt/Poslovni prostor/Expona Flow/expona flow pod.jpg","novi sajt/Poslovni prostor/Expona Flow","expona flow pod.jpg",1920,1080,landscape,403
"C:/Miroslav/Antas line/novi sajt/Poslovni prostor/Expona Flow/expona-flow-vilin-u-rolnama.jpg","novi sajt/Poslovni prostor/Expona Flow",expona-flow-vilin-u-rolnama.jpg,576,359,landscape,41
"C:/Miroslav/Antas line/novi sajt/Poslovni prostor/Expona Flow/Grey-Weathered-Chevron-9829.jpg","novi sajt/Poslovni prostor/Expona Flow",Grey-Weathered-Chevron-9829.jpg,330,107,landscape,10
"C:/Miroslav/Antas line/novi sajt/Poslovni prostor/Expona Flow/Honey-Oak-9821.jpg","novi sajt/Poslovni prostor/Expona Flow",Honey-Oak-9821.jpg,1106,360,landscape,86
"C:/Miroslav/Antas line/novi sajt/Poslovni prostor/Expona Flow/Painted-Chevron-9828.jpg","novi sajt/Poslovni prostor/Expona Flow",Painted-Chevron-9828.jpg,1106,360,landscape,75
"C:/Miroslav/Antas line/novi sajt/Poslovni prostor/Expona Flow/Reclaimed-Chevron-9830.jpg","novi sajt/Poslovni prostor/Expona Flow",Reclaimed-Chevron-9830.jpg,330,107,landscape,10
"C:/Miroslav/Antas line/novi sajt/Poslovni prostor/Expona Flow/Roasted-Limed-Ash-9831.jpg","novi sajt/Poslovni prostor/Expona Flow",Roasted-Limed-Ash-9831.jpg,330,107,landscape,8
"C:/Miroslav/Antas line/novi sajt/Poslovni prostor/Expona Flow/Silver-Oak-9826.jpg","novi sajt/Poslovni prostor/Expona Flow",Silver-Oak-9826.jpg,320,104,landscape,8
"C:/Miroslav/Antas line/novi sajt/Poslovni prostor/Expona Flow/Smoked-Oak-9827.jpg","novi sajt/Poslovni prostor/Expona Flow",Smoked-Oak-9827.jpg,330,107,landscape,7
"C:/Miroslav/Antas line/novi sajt/Poslovni prostor/Expona Flow/SunBleached-Oak-9825.jpg","novi sajt/Poslovni prostor/Expona Flow",SunBleached-Oak-9825.jpg,330,107,landscape,6
"C:/Miroslav/Antas line/novi sajt/Poslovni prostor/Expona Flow/Toasted-Oak-9822.jpg","novi sajt/Poslovni prostor/Expona Flow",Toasted-Oak-9822.jpg,320,104,landscape,7
"C:/Miroslav/Antas line/novi sajt/Poslovni prostor/Expona Flow/Vinil-pod-u-rolnama-dekorativni.jpg","novi sajt/Poslovni prostor/Expona Flow",Vinil-pod-u-rolnama-dekorativni.jpg,576,359,landscape,44
"C:/Miroslav/Antas line/novi sajt/Poslovni prostor/expona simplay/Blonde-Rustic-9064-vini-pod.jpg","novi sajt/Poslovni prostor/expona simplay",Blonde-Rustic-9064-vini-pod.jpg,330,107,landscape,8
"C:/Miroslav/Antas line/novi sajt/Poslovni prostor/expona simplay/expona-simplay-lvt-podovi.jpg","novi sajt/Poslovni prostor/expona simplay",expona-simplay-lvt-podovi.jpg,576,359,landscape,54
"C:/Miroslav/Antas line/novi sajt/Poslovni prostor/expona simplay/lvt-pod-American-Oak-9062.jpg","novi sajt/Poslovni prostor/expona simplay",lvt-pod-American-Oak-9062.jpg,330,107,landscape,7
"C:/Miroslav/Antas line/novi sajt/Poslovni prostor/expona simplay/lvt-pod-expona-simplay.jpg","novi sajt/Poslovni prostor/expona simplay",lvt-pod-expona-simplay.jpg,576,359,landscape,43
"C:/Miroslav/Antas line/novi sajt/Poslovni prostor/expona simplay/lvt-pod-Grey-Ash-9066.jpg","novi sajt/Poslovni prostor/expona simplay",lvt-pod-Grey-Ash-9066.jpg,330,107,landscape,7
"C:/Miroslav/Antas line/novi sajt/Poslovni prostor/expona simplay/lvt-pod-Grey-Rustic-9063.jpg","novi sajt/Poslovni prostor/expona simplay",lvt-pod-Grey-Rustic-9063.jpg,330,107,landscape,7
"C:/Miroslav/Antas line/novi sajt/Poslovni prostor/expona simplay/LVT-pod-imitacija-betona-Cold-Grey-Concrete-9069.jpg","novi sajt/Poslovni prostor/expona simplay",LVT-pod-imitacija-betona-Cold-Grey-Concrete-9069.jpg,330,107,landscape,4
"C:/Miroslav/Antas line/novi sajt/Poslovni prostor/expona simplay/lvt-pod-imitacija-plocica-Light-Grey-Concrete-9070.jpg","novi sajt/Poslovni prostor/expona simplay",lvt-pod-imitacija-plocica-Light-Grey-Concrete-9070.jpg,330,107,landscape,5
"C:/Miroslav/Antas line/novi sajt/Poslovni prostor/expona simplay/lvt-pod-Light-Cherry-9061.jpg","novi sajt/Poslovni prostor/expona simplay",lvt-pod-Light-Cherry-9061.jpg,330,107,landscape,7
"C:/Miroslav/Antas line/novi sajt/Poslovni prostor/expona simplay/LVT-pod-za-kafice-expona-simplay.jpg","novi sajt/Poslovni prostor/expona simplay",LVT-pod-za-kafice-expona-simplay.jpg,576,359,landscape,73
"C:/Miroslav/Antas line/novi sajt/Poslovni prostor/expona simplay/Natural-Rustic-Pine-9068-LVT-pod.jpg","novi sajt/Poslovni prostor/expona simplay",Natural-Rustic-Pine-9068-LVT-pod.jpg,330,107,landscape,8
"C:/Miroslav/Antas line/novi sajt/Poslovni prostor/expona simplay/vinil-pod-imitacija-betona-Warm-Grey-Concrete-9071.jpg","novi sajt/Poslovni prostor/expona simplay",vinil-pod-imitacija-betona-Warm-Grey-Concrete-9071.jpg,330,107,landscape,5
"C:/Miroslav/Antas line/novi sajt/Poslovni prostor/expona simplay/vinil-pod-Natural-Ash-9065.jpg","novi sajt/Poslovni prostor/expona simplay",vinil-pod-Natural-Ash-9065.jpg,330,107,landscape,8
"C:/Miroslav/Antas line/novi sajt/Poslovni prostor/expona simplay/vinil-pod-White-Rustic-Pine-9067.jpg","novi sajt/Poslovni prostor/expona simplay",vinil-pod-White-Rustic-Pine-9067.jpg,330,107,landscape,7
"C:/Miroslav/Antas line/novi sajt/Poslovni prostor/expona simplay/vinil-podovi-imitacija-betona-Dark-Grey-Concrete-9072.jpg","novi sajt/Poslovni prostor/expona simplay",vinil-podovi-imitacija-betona-Dark-Grey-Concrete-9072.jpg,330,107,landscape,5
"C:/Miroslav/Antas line/novi sajt/Poslovni prostor/New folder/expona-commercial-kao-stari-parket.jpg","novi sajt/Poslovni prostor/New folder",expona-commercial-kao-stari-parket.jpg,1024,526,landscape,143
"C:/Miroslav/Antas line/novi sajt/Poslovni prostor/New folder/imitacija-crnobelog-drveta.jpg","novi sajt/Poslovni prostor/New folder",imitacija-crnobelog-drveta.jpg,1024,526,landscape,112
"C:/Miroslav/Antas line/novi sajt/Poslovni prostor/New folder/pod-od-vinila-imitacija-parketa.jpg","novi sajt/Poslovni prostor/New folder",pod-od-vinila-imitacija-parketa.jpg,1024,526,landscape,100
"C:/Miroslav/Antas line/novi sajt/Poslovni prostor/New folder/pod-u-baru-sa-vinima.jpg","novi sajt/Poslovni prostor/New folder",pod-u-baru-sa-vinima.jpg,1024,526,landscape,128
"C:/Miroslav/Antas line/novi sajt/Poslovni prostor/New folder/pod-za-kancelariju.jpg","novi sajt/Poslovni prostor/New folder",pod-za-kancelariju.jpg,1024,526,landscape,83
"C:/Miroslav/Antas line/novi sajt/Poslovni prostor/New folder/pod-za-poslovni-prostor.jpg","novi sajt/Poslovni prostor/New folder",pod-za-poslovni-prostor.jpg,1024,526,landscape,115
"C:/Miroslav/Antas line/novi sajt/Poslovni prostor/New folder/vinil-pod-imitacija-mermera.jpg","novi sajt/Poslovni prostor/New folder",vinil-pod-imitacija-mermera.jpg,1024,526,landscape,97
"C:/Miroslav/Antas line/novi sajt/Poslovni prostor/New folder/vinil-pod-imitacija-parketa.jpg","novi sajt/Poslovni prostor/New folder",vinil-pod-imitacija-parketa.jpg,1024,526,landscape,77
"C:/Miroslav/Antas line/novi sajt/Poslovni prostor/New folder/vinil-pod-mermerne-ploce.jpg","novi sajt/Poslovni prostor/New folder",vinil-pod-mermerne-ploce.jpg,1024,526,landscape,108
"C:/Miroslav/Antas line/novi sajt/Poslovni prostor/New folder/vinilni-pod-izgled-starog-parketa.jpg","novi sajt/Poslovni prostor/New folder",vinilni-pod-izgled-starog-parketa.jpg,1024,526,landscape,116
"C:/Miroslav/Antas line/novi sajt/Poslovni prostor/pod za poslovni prostor.jpg","novi sajt/Poslovni prostor","pod za poslovni prostor.jpg",1000,725,landscape,123
"C:/Miroslav/Antas line/novi sajt/Poslovni prostor/rtile/pod u maloprodaji.webp","novi sajt/Poslovni prostor/rtile","pod u maloprodaji.webp",731,1012,portrait,122
"C:/Miroslav/Antas line/novi sajt/Poslovni prostor/rtile/pod u prodavnici rtek.webp","novi sajt/Poslovni prostor/rtile","pod u prodavnici rtek.webp",830,1173,portrait,126
"C:/Miroslav/Antas line/novi sajt/Poslovni prostor/rtile/podna obloga u trznom centru rtile.webp","novi sajt/Poslovni prostor/rtile","podna obloga u trznom centru rtile.webp",731,1012,portrait,141
"C:/Miroslav/Antas line/novi sajt/Poslovni prostor/rtile/podna obloga u trznom centru.webp","novi sajt/Poslovni prostor/rtile","podna obloga u trznom centru.webp",730,1014,portrait,106
"C:/Miroslav/Antas line/novi sajt/Poslovni prostor/rtile/podne obloge u pomocnim objektima.webp","novi sajt/Poslovni prostor/rtile","podne obloge u pomocnim objektima.webp",731,1012,portrait,71
"C:/Miroslav/Antas line/novi sajt/Poslovni prostor/rtile/Podovi-maloprodaja.webp","novi sajt/Poslovni prostor/rtile",Podovi-maloprodaja.webp,1200,900,landscape,201
"C:/Miroslav/Antas line/novi sajt/Poslovni prostor/rtile/rtile ploce.webp","novi sajt/Poslovni prostor/rtile","rtile ploce.webp",629,286,landscape,29
"C:/Miroslav/Antas line/novi sajt/Specijalne podloge/Bergo solid/Bergo-solid-podna-ploca.jpg","novi sajt/Specijalne podloge/Bergo solid",Bergo-solid-podna-ploca.jpg,576,359,landscape,45
"C:/Miroslav/Antas line/novi sajt/Specijalne podloge/Bergo solid/Bergo-solid.jpg","novi sajt/Specijalne podloge/Bergo solid",Bergo-solid.jpg,1100,521,landscape,177
"C:/Miroslav/Antas line/novi sajt/Specijalne podloge/Bergo solid/kamion-na-travi.jpg","novi sajt/Specijalne podloge/Bergo solid",kamion-na-travi.jpg,576,359,landscape,50
"C:/Miroslav/Antas line/novi sajt/Specijalne podloge/Bergo solid/plasticna-podloga-za-pesak.jpg","novi sajt/Specijalne podloge/Bergo solid",plasticna-podloga-za-pesak.jpg,576,359,landscape,72
"C:/Miroslav/Antas line/novi sajt/Specijalne podloge/Bergo solid/podloga-na-travi-za-kamion.jpg","novi sajt/Specijalne podloge/Bergo solid",podloga-na-travi-za-kamion.jpg,576,359,landscape,82
"C:/Miroslav/Antas line/novi sajt/Specijalne podloge/Bergo solid/podloga-preko-trave-na-stadionu.jpg","novi sajt/Specijalne podloge/Bergo solid",podloga-preko-trave-na-stadionu.jpg,576,359,landscape,67
"C:/Miroslav/Antas line/novi sajt/Specijalne podloge/Bergo solid/podloga-preko-trave.jpg","novi sajt/Specijalne podloge/Bergo solid",podloga-preko-trave.jpg,576,359,landscape,72
"C:/Miroslav/Antas line/novi sajt/Specijalne podloge/Bergo solid/podloga-za-svadbeni-sator.jpg","novi sajt/Specijalne podloge/Bergo solid",podloga-za-svadbeni-sator.jpg,576,359,landscape,50
"C:/Miroslav/Antas line/novi sajt/Specijalne podloge/Bergo solid/podna-podloga-preko-peska.jpg","novi sajt/Specijalne podloge/Bergo solid",podna-podloga-preko-peska.jpg,576,359,landscape,50
"C:/Miroslav/Antas line/novi sajt/Specijalne podloge/Bergo solid/podne-ploce-za-svadbeni-sator.jpg","novi sajt/Specijalne podloge/Bergo solid",podne-ploce-za-svadbeni-sator.jpg,576,359,landscape,68
"C:/Miroslav/Antas line/novi sajt/Specijalne podloge/Bergo solid/podovi-za-satore.jpg","novi sajt/Specijalne podloge/Bergo solid",podovi-za-satore.jpg,576,359,landscape,69
"C:/Miroslav/Antas line/novi sajt/Specijalne podloge/Bergo solid/prekrivka-za-teren.jpg","novi sajt/Specijalne podloge/Bergo solid",prekrivka-za-teren.jpg,576,359,landscape,90
"C:/Miroslav/Antas line/novi sajt/Specijalne podloge/Bergo solid/specijalne-podloge-za-dogadjaje.jpg","novi sajt/Specijalne podloge/Bergo solid",specijalne-podloge-za-dogadjaje.jpg,576,359,landscape,121
"C:/Miroslav/Antas line/novi sajt/Specijalne podloge/bergo_event_tiles (w1200_h700_q85_c_u).jpg","novi sajt/Specijalne podloge","bergo_event_tiles (w1200_h700_q85_c_u).jpg",1200,700,landscape,233
"C:/Miroslav/Antas line/novi sajt/Specijalne podloge/bild2 (w1200_h700_q85_c_u).jpg","novi sajt/Specijalne podloge","bild2 (w1200_h700_q85_c_u).jpg",1200,700,landscape,148
"C:/Miroslav/Antas line/novi sajt/Specijalne podloge/club_naútico_de_barcelona_regata_conde_de_godo (w1200_h700_q85_c_u).jpg","novi sajt/Specijalne podloge","club_naútico_de_barcelona_regata_conde_de_godo (w1200_h700_q85_c_u).jpg",1200,700,landscape,155
"C:/Miroslav/Antas line/novi sajt/Specijalne podloge/dsc02126 (w1200_h700_q85_c_u).jpg","novi sajt/Specijalne podloge","dsc02126 (w1200_h700_q85_c_u).jpg",1200,700,landscape,223
"C:/Miroslav/Antas line/novi sajt/Specijalne podloge/dsc_0048 (w1200_h700_q85_c_u).jpg","novi sajt/Specijalne podloge","dsc_0048 (w1200_h700_q85_c_u).jpg",1200,700,landscape,252
"C:/Miroslav/Antas line/novi sajt/Specijalne podloge/img_7128 (w1200_h700_q85_c_u).jpg","novi sajt/Specijalne podloge","img_7128 (w1200_h700_q85_c_u).jpg",1200,700,landscape,135
"C:/Miroslav/Antas line/novi sajt/Specijalne podloge/podloga za izlozbu.jpg","novi sajt/Specijalne podloge","podloga za izlozbu.jpg",1400,1119,landscape,229
"C:/Miroslav/Antas line/novi sajt/Specijalne podloge/Podloge za stale/konjske-podloge.jpg","novi sajt/Specijalne podloge/Podloge za stale",konjske-podloge.jpg,576,359,landscape,61
"C:/Miroslav/Antas line/novi sajt/Specijalne podloge/Podloge za stale/podloga-za-konje.jpg","novi sajt/Specijalne podloge/Podloge za stale",podloga-za-konje.jpg,576,359,landscape,75
"C:/Miroslav/Antas line/novi sajt/Specijalne podloge/Podloge za stale/Podloge-za-konje.jpg","novi sajt/Specijalne podloge/Podloge za stale",Podloge-za-konje.jpg,576,359,landscape,85
"C:/Miroslav/Antas line/novi sajt/Specijalne podloge/Podloge za stale/staza-za-konje.jpg","novi sajt/Specijalne podloge/Podloge za stale",staza-za-konje.jpg,576,359,landscape,69
"C:/Miroslav/Antas line/novi sajt/Specijalne podloge/Podloge za stale/TerraMondi-Paddock.jpg","novi sajt/Specijalne podloge/Podloge za stale",TerraMondi-Paddock.jpg,540,285,landscape,38
"C:/Miroslav/Antas line/novi sajt/Specijalne podloge/Podloge za stale/TerraMondi-Stable.jpg","novi sajt/Specijalne podloge/Podloge za stale",TerraMondi-Stable.jpg,540,285,landscape,33
"C:/Miroslav/Antas line/novi sajt/Specijalne podloge/sajmovi i proslave/pod-kao-trkacka-staza.jpg","novi sajt/Specijalne podloge/sajmovi i proslave",pod-kao-trkacka-staza.jpg,576,359,landscape,68
"C:/Miroslav/Antas line/novi sajt/Specijalne podloge/sajmovi i proslave/pod-za-skupove-i-proslave.jpg","novi sajt/Specijalne podloge/sajmovi i proslave",pod-za-skupove-i-proslave.jpg,576,359,landscape,66
"C:/Miroslav/Antas line/novi sajt/Specijalne podloge/sajmovi i proslave/podloga-na-sajmu-narandzasto-plava.jpg","novi sajt/Specijalne podloge/sajmovi i proslave",podloga-na-sajmu-narandzasto-plava.jpg,576,359,landscape,60
"C:/Miroslav/Antas line/novi sajt/Specijalne podloge/sajmovi i proslave/podloga-za-sajam-sa-satorom.jpg","novi sajt/Specijalne podloge/sajmovi i proslave",podloga-za-sajam-sa-satorom.jpg,576,359,landscape,86
"C:/Miroslav/Antas line/novi sajt/Specijalne podloge/sajmovi i proslave/podna-podloga-u-hali-na-sajmu.jpg","novi sajt/Specijalne podloge/sajmovi i proslave",podna-podloga-u-hali-na-sajmu.jpg,576,359,landscape,55
"C:/Miroslav/Antas line/novi sajt/Specijalne podloge/wheels4u_monter_autoteknik_bild_2 (w1200_h700_q85_c_u).jpg","novi sajt/Specijalne podloge","wheels4u_monter_autoteknik_bild_2 (w1200_h700_q85_c_u).jpg",1200,700,landscape,164
"C:/Miroslav/Antas line/novi sajt/Sportske podloge/15 godina garancije.png","novi sajt/Sportske podloge","15 godina garancije.png",104,104,kvadrat,9
"C:/Miroslav/Antas line/novi sajt/Sportske podloge/dimenzije-kosarkaske-table.jpg","novi sajt/Sportske podloge",dimenzije-kosarkaske-table.jpg,1000,724,landscape,46
"C:/Miroslav/Antas line/novi sajt/Sportske podloge/dimenzije-kosarkaskog-terena.jpg","novi sajt/Sportske podloge",dimenzije-kosarkaskog-terena.jpg,1000,700,landscape,62
"C:/Miroslav/Antas line/novi sajt/Sportske podloge/en14877 sertifikat.jpg","novi sajt/Sportske podloge","en14877 sertifikat.jpg",106,110,portrait,6
"C:/Miroslav/Antas line/novi sajt/Sportske podloge/futsal-tereni.jpg","novi sajt/Sportske podloge",futsal-tereni.jpg,500,314,landscape,19
"C:/Miroslav/Antas line/novi sajt/Sportske podloge/gumeni podovi za teretane/teg-na-podu.jpg","novi sajt/Sportske podloge/gumeni podovi za teretane",teg-na-podu.jpg,576,359,landscape,47
"C:/Miroslav/Antas line/novi sajt/Sportske podloge/gumeni podovi za teretane/teretana.jpg","novi sajt/Sportske podloge/gumeni podovi za teretane",teretana.jpg,1100,521,landscape,139
"C:/Miroslav/Antas line/novi sajt/Sportske podloge/ITF.jpg","novi sajt/Sportske podloge",ITF.jpg,99,99,kvadrat,4
"C:/Miroslav/Antas line/novi sajt/Sportske podloge/kos-sa-tablom-dimenzije.jpg","novi sajt/Sportske podloge",kos-sa-tablom-dimenzije.jpg,1000,707,landscape,62
"C:/Miroslav/Antas line/novi sajt/Sportske podloge/odbojkaski-tereni.jpg","novi sajt/Sportske podloge",odbojkaski-tereni.jpg,800,500,landscape,69
"C:/Miroslav/Antas line/novi sajt/Sportske podloge/original bergo.jpg","novi sajt/Sportske podloge","original bergo.jpg",400,400,kvadrat,78
"C:/Miroslav/Antas line/novi sajt/Sportske podloge/Podloge-za-hokej.jpg","novi sajt/Sportske podloge",Podloge-za-hokej.jpg,800,500,landscape,83
"C:/Miroslav/Antas line/novi sajt/Sportske podloge/Podovi-za-stoni-tenis.jpg","novi sajt/Sportske podloge",Podovi-za-stoni-tenis.jpg,800,500,landscape,47
"C:/Miroslav/Antas line/novi sajt/Sportske podloge/tereni-za-fudbal.jpg","novi sajt/Sportske podloge",tereni-za-fudbal.jpg,800,500,landscape,90
"C:/Miroslav/Antas line/novi sajt/Teniski tereni/Bergo-tenis-Dom-Ucenika-Patrijarh-Pavle.jpg","novi sajt/Teniski tereni",Bergo-tenis-Dom-Ucenika-Patrijarh-Pavle.jpg,800,500,landscape,98
"C:/Miroslav/Antas line/novi sajt/Teniski tereni/Bergo-tenis-teren-Dom-Ucenika-Patrijarh-Pavle.jpg","novi sajt/Teniski tereni",Bergo-tenis-teren-Dom-Ucenika-Patrijarh-Pavle.jpg,800,500,landscape,79
"C:/Miroslav/Antas line/novi sajt/Teniski tereni/Dom Ucenika Pareijarh Pavle - Bergo tenis.jpg","novi sajt/Teniski tereni","Dom Ucenika Pareijarh Pavle - Bergo tenis.jpg",800,377,landscape,120
"C:/Miroslav/Antas line/novi sajt/Teniski tereni/Dom Ucenika Patrijarh Pavle 2 - Bergo tenis.jpg","novi sajt/Teniski tereni","Dom Ucenika Patrijarh Pavle 2 - Bergo tenis.jpg",800,600,landscape,191
"C:/Miroslav/Antas line/novi sajt/Teniski tereni/padel-tenis-podloge.jpg","novi sajt/Teniski tereni",padel-tenis-podloge.jpg,800,500,landscape,123
"C:/Miroslav/Antas line/novi sajt/Teniski tereni/Podloge-za-tenis.jpg","novi sajt/Teniski tereni",Podloge-za-tenis.jpg,800,500,landscape,188
"C:/Miroslav/Antas line/novi sajt/Teniski tereni/spin tenis - vestacka trava.JPG","novi sajt/Teniski tereni","spin tenis - vestacka trava.JPG",1296,968,landscape,342
"C:/Miroslav/Antas line/novi sajt/Teniski tereni/teniski klub đukić.JPG","novi sajt/Teniski tereni","teniski klub đukić.JPG",2592,1936,landscape,1621
"C:/Miroslav/Antas line/novi sajt/Teniski tereni/Teniski teren UB 2019.jpg","novi sajt/Teniski tereni","Teniski teren UB 2019.jpg",800,600,landscape,136
"C:/Miroslav/Antas line/novi sajt/Teniski tereni/teniski-teren-sa-vestackom-travom-TK-Slice-Valjevo.jpg","novi sajt/Teniski tereni",teniski-teren-sa-vestackom-travom-TK-Slice-Valjevo.jpg,800,500,landscape,59
"C:/Miroslav/Antas line/novi sajt/Teniski tereni/teniski-tereni-Ub.jpg","novi sajt/Teniski tereni",teniski-tereni-Ub.jpg,800,500,landscape,79
"C:/Miroslav/Antas line/novi sajt/Teniski tereni/tereni grocka - Supersoft.jpg","novi sajt/Teniski tereni","tereni grocka - Supersoft.jpg",1008,432,landscape,195
"C:/Miroslav/Antas line/novi sajt/Teniski tereni/TK Slice, Valjevo 900x600.jpg","novi sajt/Teniski tereni","TK Slice, Valjevo 900x600.jpg",900,601,landscape,121
"C:/Miroslav/Antas line/novi sajt/Teniski tereni/TK Slice, Valjevo.jpg","novi sajt/Teniski tereni","TK Slice, Valjevo.jpg",992,744,landscape,250
"C:/Miroslav/Antas line/novi sajt/Teniski tereni/TK-Djukic-Beograd-Akrilna-podloga.jpg","novi sajt/Teniski tereni",TK-Djukic-Beograd-Akrilna-podloga.jpg,800,500,landscape,85
"C:/Miroslav/Antas line/novi sajt/tereni za basket/Avala teren basket.jpg","novi sajt/tereni za basket","Avala teren basket.jpg",1600,1200,landscape,219
"C:/Miroslav/Antas line/novi sajt/tereni za basket/Avala teren3x3.jpg","novi sajt/tereni za basket","Avala teren3x3.jpg",1600,1200,landscape,221
"C:/Miroslav/Antas line/novi sajt/tereni za basket/bergo Kanjiza2.jpg","novi sajt/tereni za basket","bergo Kanjiza2.jpg",800,600,landscape,191
"C:/Miroslav/Antas line/novi sajt/tereni za basket/Bergo m,ultisport - Svedska.jpg","novi sajt/tereni za basket","Bergo m,ultisport - Svedska.jpg",501,500,landscape,118
"C:/Miroslav/Antas line/novi sajt/tereni za basket/Bergo mini teren.jpg","novi sajt/tereni za basket","Bergo mini teren.jpg",542,960,portrait,131
"C:/Miroslav/Antas line/novi sajt/tereni za basket/Bergo Multisport  - kosarkaski kamp Pecarski - Zlatibor.jpg","novi sajt/tereni za basket","Bergo Multisport  - kosarkaski kamp Pecarski - Zlatibor.jpg",672,378,landscape,101
"C:/Miroslav/Antas line/novi sajt/tereni za basket/Bergo multisport - Avala.jpg","novi sajt/tereni za basket","Bergo multisport - Avala.jpg",800,600,landscape,194
"C:/Miroslav/Antas line/novi sajt/tereni za basket/Bergo multisport - Belegis sa golicima.jpg","novi sajt/tereni za basket","Bergo multisport - Belegis sa golicima.jpg",800,600,landscape,146
"C:/Miroslav/Antas line/novi sajt/tereni za basket/Bergo multisport - Belegis.jpg","novi sajt/tereni za basket","Bergo multisport - Belegis.jpg",800,600,landscape,167
"C:/Miroslav/Antas line/novi sajt/tereni za basket/Bergo multisport - Belegis2.jpg","novi sajt/tereni za basket","Bergo multisport - Belegis2.jpg",800,600,landscape,143
"C:/Miroslav/Antas line/novi sajt/tereni za basket/Bergo multisport - Beograd.jpg","novi sajt/tereni za basket","Bergo multisport - Beograd.jpg",800,600,landscape,258
"C:/Miroslav/Antas line/novi sajt/tereni za basket/Bergo multisport - Beograd2.jpg","novi sajt/tereni za basket","Bergo multisport - Beograd2.jpg",800,600,landscape,253
"C:/Miroslav/Antas line/novi sajt/tereni za basket/Bergo multisport - Bezdan.jpg","novi sajt/tereni za basket","Bergo multisport - Bezdan.jpg",800,600,landscape,296
"C:/Miroslav/Antas line/novi sajt/tereni za basket/Bergo multisport - Bezdan2.jpg","novi sajt/tereni za basket","Bergo multisport - Bezdan2.jpg",800,600,landscape,367
"C:/Miroslav/Antas line/novi sajt/tereni za basket/Bergo multisport - Despotovac.jpg","novi sajt/tereni za basket","Bergo multisport - Despotovac.jpg",800,600,landscape,270
"C:/Miroslav/Antas line/novi sajt/tereni za basket/Bergo multisport - Obrenovac.jpg","novi sajt/tereni za basket","Bergo multisport - Obrenovac.jpg",800,600,landscape,226
"C:/Miroslav/Antas line/novi sajt/tereni za basket/Bergo Multisport - privatni teren - pionirski grad.jpg","novi sajt/tereni za basket","Bergo Multisport - privatni teren - pionirski grad.jpg",960,540,landscape,125
"C:/Miroslav/Antas line/novi sajt/tereni za basket/Bergo multisport - Slankamen.jpg","novi sajt/tereni za basket","Bergo multisport - Slankamen.jpg",800,600,landscape,272
"C:/Miroslav/Antas line/novi sajt/tereni za basket/Bergo Multisport - Spanoulis teren - hotel jugoslavija.jpg","novi sajt/tereni za basket","Bergo Multisport - Spanoulis teren - hotel jugoslavija.jpg",922,615,landscape,333
"C:/Miroslav/Antas line/novi sajt/tereni za basket/Bergo multisport - Subotica2.jpg","novi sajt/tereni za basket","Bergo multisport - Subotica2.jpg",800,600,landscape,139
"C:/Miroslav/Antas line/novi sajt/tereni za basket/Bergo multisport - Subotica3.jpg","novi sajt/tereni za basket","Bergo multisport - Subotica3.jpg",800,600,landscape,113
"C:/Miroslav/Antas line/novi sajt/tereni za basket/Bergo multisport - Valjevo.jpg","novi sajt/tereni za basket","Bergo multisport - Valjevo.jpg",800,1066,portrait,447
"C:/Miroslav/Antas line/novi sajt/tereni za basket/Bergo multisport - Valjevo2.jpg","novi sajt/tereni za basket","Bergo multisport - Valjevo2.jpg",800,600,landscape,226
"C:/Miroslav/Antas line/novi sajt/tereni za basket/Bergo multisport - Vrcin.jpg","novi sajt/tereni za basket","Bergo multisport - Vrcin.jpg",800,595,landscape,247
"C:/Miroslav/Antas line/novi sajt/tereni za basket/Bergo multisport - Vrcin.png","novi sajt/tereni za basket","Bergo multisport - Vrcin.png",1440,1072,landscape,3372
"C:/Miroslav/Antas line/novi sajt/tereni za basket/Bergo multisport vrdnik1.jpg","novi sajt/tereni za basket","Bergo multisport vrdnik1.jpg",1280,960,landscape,183
"C:/Miroslav/Antas line/novi sajt/tereni za basket/bergo-flooring-multisport-court-32.jpg","novi sajt/tereni za basket",bergo-flooring-multisport-court-32.jpg,709,475,landscape,493
"C:/Miroslav/Antas line/novi sajt/tereni za basket/BERGO-Subotica.jpg","novi sajt/tereni za basket",BERGO-Subotica.jpg,800,600,landscape,182
"C:/Miroslav/Antas line/novi sajt/tereni za basket/bergo-ultimate-basketball-sg-gg-yw-2.jpg","novi sajt/tereni za basket",bergo-ultimate-basketball-sg-gg-yw-2.jpg,3000,2250,landscape,811
"C:/Miroslav/Antas line/novi sajt/tereni za basket/Coca Cola, Dobanovci.jpg","novi sajt/tereni za basket","Coca Cola, Dobanovci.jpg",720,960,portrait,75
"C:/Miroslav/Antas line/novi sajt/tereni za basket/IMG-043dbc56b7a5d58da826bc36bbd3e424-V.jpg","novi sajt/tereni za basket",IMG-043dbc56b7a5d58da826bc36bbd3e424-V.jpg,1600,1200,landscape,209
"C:/Miroslav/Antas line/novi sajt/tereni za basket/IMG-b133302ff0bdf5f7c82a808af5bc09a0-V.jpg","novi sajt/tereni za basket",IMG-b133302ff0bdf5f7c82a808af5bc09a0-V.jpg,1600,1200,landscape,236
"C:/Miroslav/Antas line/novi sajt/tereni za basket/Ledine kruzni teren.jpg","novi sajt/tereni za basket","Ledine kruzni teren.jpg",1600,1600,kvadrat,205
"C:/Miroslav/Antas line/novi sajt/tereni za basket/Mali Pozarevac teren.jpg","novi sajt/tereni za basket","Mali Pozarevac teren.jpg",1600,1200,landscape,239
"C:/Miroslav/Antas line/novi sajt/tereni za basket/Mali Pozarevac teren2.jpg","novi sajt/tereni za basket","Mali Pozarevac teren2.jpg",1200,1600,portrait,208
"C:/Miroslav/Antas line/novi sajt/tereni za basket/Mali Pozarevac teren3.jpg","novi sajt/tereni za basket","Mali Pozarevac teren3.jpg",1600,1200,landscape,228
"C:/Miroslav/Antas line/novi sajt/tereni za basket/Multisport subotica.jpg","novi sajt/tereni za basket","Multisport subotica.jpg",1600,1010,landscape,222
"C:/Miroslav/Antas line/novi sajt/tereni za basket/Privatni teren Cacak - Knic.jpg","novi sajt/tereni za basket","Privatni teren Cacak - Knic.jpg",768,576,landscape,160
"C:/Miroslav/Antas line/novi sajt/tereni za basket/Privatni teren Cacak - Multisport (1).jpg","novi sajt/tereni za basket","Privatni teren Cacak - Multisport (1).jpg",1280,960,landscape,156
"C:/Miroslav/Antas line/novi sajt/tereni za basket/red court - bgd.jpg","novi sajt/tereni za basket","red court - bgd.jpg",992,744,landscape,412
"C:/Miroslav/Antas line/novi sajt/tereni za basket/Teren 3x3 -  Kanjiza.jpg","novi sajt/tereni za basket","Teren 3x3 -  Kanjiza.jpg",1040,780,landscape,388
"C:/Miroslav/Antas line/novi sajt/tereni za basket/Teren 3x3 - Cacak.jpg","novi sajt/tereni za basket","Teren 3x3 - Cacak.jpg",1280,960,landscape,156
"C:/Miroslav/Antas line/novi sajt/tereni za basket/Teren 3x3 - Drinska bajka Bajina Basta.jpg","novi sajt/tereni za basket","Teren 3x3 - Drinska bajka Bajina Basta.jpg",1080,1080,kvadrat,344
"C:/Miroslav/Antas line/novi sajt/tereni za basket/Teren 3x3 - Irig.jpg","novi sajt/tereni za basket","Teren 3x3 - Irig.jpg",800,600,landscape,206
"C:/Miroslav/Antas line/novi sajt/tereni za basket/Teren 3x3 - Jajinci.jpg","novi sajt/tereni za basket","Teren 3x3 - Jajinci.jpg",960,540,landscape,118
"C:/Miroslav/Antas line/novi sajt/tereni za basket/Teren 3x3 - Kanjiza.jpg","novi sajt/tereni za basket","Teren 3x3 - Kanjiza.jpg",800,600,landscape,170
"C:/Miroslav/Antas line/novi sajt/tereni za basket/Teren 3x3 - Novi Sad Banatic.jpg","novi sajt/tereni za basket","Teren 3x3 - Novi Sad Banatic.jpg",1000,750,landscape,139
"C:/Miroslav/Antas line/novi sajt/tereni za basket/Teren 3x3 - Peljesac 2019.jpg","novi sajt/tereni za basket","Teren 3x3 - Peljesac 2019.jpg",960,640,landscape,263
"C:/Miroslav/Antas line/novi sajt/tereni za basket/Teren 3x3 - Užička Beograd.jpg","novi sajt/tereni za basket","Teren 3x3 - Užička Beograd.jpg",700,525,landscape,218
"C:/Miroslav/Antas line/novi sajt/tereni za basket/Teren 3x3 - Vrdnik 1.jpg","novi sajt/tereni za basket","Teren 3x3 - Vrdnik 1.jpg",1280,960,landscape,146
"C:/Miroslav/Antas line/novi sajt/tereni za basket/Teren 3x3 - Vrdnik.jpg","novi sajt/tereni za basket","Teren 3x3 - Vrdnik.jpg",800,600,landscape,221
"C:/Miroslav/Antas line/novi sajt/tereni za basket/Teren 3x3 15x11- Jakovo.jpg","novi sajt/tereni za basket","Teren 3x3 15x11- Jakovo.jpg",800,600,landscape,110
"C:/Miroslav/Antas line/novi sajt/tereni za basket/Teren 3x3 16x11 - Zlatibor.jpg","novi sajt/tereni za basket","Teren 3x3 16x11 - Zlatibor.jpg",800,600,landscape,172
"C:/Miroslav/Antas line/novi sajt/tereni za basket/Teren 3x3 Soccer liga.jpg","novi sajt/tereni za basket","Teren 3x3 Soccer liga.jpg",1600,1200,landscape,236
"C:/Miroslav/Antas line/novi sajt/tereni za basket/Teren 3x3 Sremcica.jpg","novi sajt/tereni za basket","Teren 3x3 Sremcica.jpg",1200,1600,portrait,237
"C:/Miroslav/Antas line/novi sajt/tereni za basket/Teren Avala.jpg","novi sajt/tereni za basket","Teren Avala.jpg",1280,960,landscape,237
"C:/Miroslav/Antas line/novi sajt/tereni za basket/teren fruska gora.jpg","novi sajt/tereni za basket","teren fruska gora.jpg",1200,1600,portrait,217
"C:/Miroslav/Antas line/novi sajt/tereni za basket/teren Jokic.jpg","novi sajt/tereni za basket","teren Jokic.jpg",800,745,landscape,315
"C:/Miroslav/Antas line/novi sajt/tereni za basket/teren Kragujevac.jpg","novi sajt/tereni za basket","teren Kragujevac.jpg",1600,1200,landscape,237
"C:/Miroslav/Antas line/novi sajt/tereni za basket/Teren Multi - Belegis.jpg","novi sajt/tereni za basket","Teren Multi - Belegis.jpg",1200,583,landscape,253
"C:/Miroslav/Antas line/novi sajt/tereni za basket/Teren multi sport sa konzolnim kosem - Pula.jpg","novi sajt/tereni za basket","Teren multi sport sa konzolnim kosem - Pula.jpg",1063,598,landscape,314
"C:/Miroslav/Antas line/novi sajt/tereni za basket/teren na krovu.jpg","novi sajt/tereni za basket","teren na krovu.jpg",1600,1200,landscape,439
"C:/Miroslav/Antas line/novi sajt/tereni za basket/teren na krovu2.jpg","novi sajt/tereni za basket","teren na krovu2.jpg",1200,1600,portrait,554
"C:/Miroslav/Antas line/novi sajt/tereni za basket/teren Sremcica1.jpg","novi sajt/tereni za basket","teren Sremcica1.jpg",828,621,landscape,237
"C:/Miroslav/Antas line/novi sajt/tereni za basket/teren Sremcica2.jpg","novi sajt/tereni za basket","teren Sremcica2.jpg",828,621,landscape,220
"C:/Miroslav/Antas line/novi sajt/tereni za basket/Teren Tara 2022.jpg","novi sajt/tereni za basket","Teren Tara 2022.jpg",1600,1200,landscape,247
"C:/Miroslav/Antas line/novi sajt/tereni za basket/teren u kancelariji.jpg","novi sajt/tereni za basket","teren u kancelariji.jpg",2016,1512,landscape,728
"C:/Miroslav/Antas line/novi sajt/tereni za basket/teren u kancelariji2.jpg","novi sajt/tereni za basket","teren u kancelariji2.jpg",2016,1512,landscape,798
"C:/Miroslav/Antas line/novi sajt/tereni za basket/teren u kancelariji3.jpg","novi sajt/tereni za basket","teren u kancelariji3.jpg",2016,1512,landscape,712
"C:/Miroslav/Antas line/novi sajt/tereni za basket/Teren Užička Beograd sa sport court konstrukcijom.jpg","novi sajt/tereni za basket","Teren Užička Beograd sa sport court konstrukcijom.jpg",700,525,landscape,218
"C:/Miroslav/Antas line/novi sajt/tereni za basket/Teren za basket Bacinci.jpg","novi sajt/tereni za basket","Teren za basket Bacinci.jpg",1600,1600,kvadrat,236
"C:/Miroslav/Antas line/novi sajt/tereni za basket/Teren za basket HN.jpg","novi sajt/tereni za basket","Teren za basket HN.jpg",1800,810,landscape,597
"C:/Miroslav/Antas line/novi sajt/tereni za basket/Teren za basket HN2.jpg","novi sajt/tereni za basket","Teren za basket HN2.jpg",1800,810,landscape,581
"C:/Miroslav/Antas line/novi sajt/tereni za basket/Teren za basket HN3.jpg","novi sajt/tereni za basket","Teren za basket HN3.jpg",1800,810,landscape,641
"C:/Miroslav/Antas line/novi sajt/tereni za basket/Teren za basket HN4.jpg","novi sajt/tereni za basket","Teren za basket HN4.jpg",1800,810,landscape,636
"C:/Miroslav/Antas line/novi sajt/tereni za basket/Teren za basket HN5.jpg","novi sajt/tereni za basket","Teren za basket HN5.jpg",1800,810,landscape,433
"C:/Miroslav/Antas line/novi sajt/tereni za basket/Teren za basket HN6.jpg","novi sajt/tereni za basket","Teren za basket HN6.jpg",1800,810,landscape,622
"C:/Miroslav/Antas line/novi sajt/tereni za basket/Teren za basket HN7.jpg","novi sajt/tereni za basket","Teren za basket HN7.jpg",1800,810,landscape,521
"C:/Miroslav/Antas line/novi sajt/tereni za basket/Teren za basket Krk.jpg","novi sajt/tereni za basket","Teren za basket Krk.jpg",1170,2077,portrait,493
"C:/Miroslav/Antas line/novi sajt/tereni za basket/teren za basket u dvoristu.jpg","novi sajt/tereni za basket","teren za basket u dvoristu.jpg",4608,3456,landscape,2714
"C:/Miroslav/Antas line/novi sajt/tereni za basket/teren za basket u dvoristu2.jpg","novi sajt/tereni za basket","teren za basket u dvoristu2.jpg",800,600,landscape,240
"C:/Miroslav/Antas line/novi sajt/tereni za basket/teren za basket.jpg","novi sajt/tereni za basket","teren za basket.jpg",1600,720,landscape,240
"C:/Miroslav/Antas line/novi sajt/tereni za basket/teren za basket1.jpg","novi sajt/tereni za basket","teren za basket1.jpg",800,600,landscape,206
"C:/Miroslav/Antas line/novi sajt/tereni za basket/teren za basket2.jpg","novi sajt/tereni za basket","teren za basket2.jpg",800,600,landscape,240
"C:/Miroslav/Antas line/novi sajt/tereni za basket/Teren za BG ligu.jpg","novi sajt/tereni za basket","Teren za BG ligu.jpg",1600,1200,landscape,236
"C:/Miroslav/Antas line/novi sajt/tereni za basket/Teren za odbojku CG.jpg","novi sajt/tereni za basket","Teren za odbojku CG.jpg",1080,608,landscape,61
"C:/Miroslav/Antas line/novi sajt/tereni za basket/teren za ogradom Barajevo.jpg","novi sajt/tereni za basket","teren za ogradom Barajevo.jpg",800,600,landscape,153
"C:/Miroslav/Antas line/novi sajt/tereni za basket/Teren za pickleball Kosmaj.jpg","novi sajt/tereni za basket","Teren za pickleball Kosmaj.jpg",4032,3024,landscape,794
"C:/Miroslav/Antas line/novi sajt/tereni za basket/Vrdnik2.jpg","novi sajt/tereni za basket",Vrdnik2.jpg,1280,960,landscape,150
"C:/Miroslav/Antas line/novi sajt/tereni za basket/Vrdnik22.jpg","novi sajt/tereni za basket",Vrdnik22.jpg,800,600,landscape,172
"C:/Miroslav/Antas line/novi sajt/tereni za basket/Vrdnik3.jpg","novi sajt/tereni za basket",Vrdnik3.jpg,800,600,landscape,174
"C:/Miroslav/Antas line/novi sajt/tereni za basket/Vrsac mali teren.jpg","novi sajt/tereni za basket","Vrsac mali teren.jpg",1200,1600,portrait,228
"C:/Miroslav/Antas line/novi sajt/Vestacka trava/dvorista/HIGHLANDS/vestacka-trava-highlands-presek.jpg","novi sajt/Vestacka trava/dvorista/HIGHLANDS",vestacka-trava-highlands-presek.jpg,576,359,landscape,79
"C:/Miroslav/Antas line/novi sajt/Vestacka trava/dvorista/HIGHLANDS/vestacka-trava-highlands.jpg","novi sajt/Vestacka trava/dvorista/HIGHLANDS",vestacka-trava-highlands.jpg,576,359,landscape,105
"C:/Miroslav/Antas line/novi sajt/Vestacka trava/dvorista/HIGHLANDS/vestacka-trava-za-bastu-highlands.jpg","novi sajt/Vestacka trava/dvorista/HIGHLANDS",vestacka-trava-za-bastu-highlands.jpg,786,246,landscape,54
"C:/Miroslav/Antas line/novi sajt/Vestacka trava/dvorista/nature/vestacka-trava-Nature-presek.jpg","novi sajt/Vestacka trava/dvorista/nature",vestacka-trava-Nature-presek.jpg,576,359,landscape,70
"C:/Miroslav/Antas line/novi sajt/Vestacka trava/dvorista/nature/vestacka-trava-Nature.jpg","novi sajt/Vestacka trava/dvorista/nature",vestacka-trava-Nature.jpg,576,359,landscape,104
"C:/Miroslav/Antas line/novi sajt/Vestacka trava/dvorista/nature/vestacka-trava-za-bastu-nature.jpg","novi sajt/Vestacka trava/dvorista/nature",vestacka-trava-za-bastu-nature.jpg,786,246,landscape,55
"C:/Miroslav/Antas line/novi sajt/Vestacka trava/dvorista/Put/vestacka-trava-put-presek.jpg","novi sajt/Vestacka trava/dvorista/Put",vestacka-trava-put-presek.jpg,576,359,landscape,49
"C:/Miroslav/Antas line/novi sajt/Vestacka trava/dvorista/Put/vestacka-trava-Put.jpg","novi sajt/Vestacka trava/dvorista/Put",vestacka-trava-Put.jpg,576,359,landscape,116
"C:/Miroslav/Antas line/novi sajt/Vestacka trava/dvorista/Put/vestacka-trava-za-dvoriste-put.jpg","novi sajt/Vestacka trava/dvorista/Put",vestacka-trava-za-dvoriste-put.jpg,786,246,landscape,86
"C:/Miroslav/Antas line/novi sajt/Vestacka trava/dvorista/Springgrass/vestacka-trava-Springgrass.jpg","novi sajt/Vestacka trava/dvorista/Springgrass",vestacka-trava-Springgrass.jpg,576,359,landscape,107
"C:/Miroslav/Antas line/novi sajt/Vestacka trava/dvorista/Springgrass/vestacka-trava-za-dvoriste-Springgrass.jpg","novi sajt/Vestacka trava/dvorista/Springgrass",vestacka-trava-za-dvoriste-Springgrass.jpg,786,246,landscape,86
"C:/Miroslav/Antas line/novi sajt/Vestacka trava/dvorista/vestacka-trava.jpg","novi sajt/Vestacka trava/dvorista",vestacka-trava.jpg,576,583,portrait,129
"C:/Miroslav/Antas line/novi sajt/Vestacka trava/Sportski tereni/Teniski tereni/Bergo flow za padel.webp","novi sajt/Vestacka trava/Sportski tereni/Teniski tereni","Bergo flow za padel.webp",576,359,landscape,127
"C:/Miroslav/Antas line/novi sajt/Vestacka trava/Sportski tereni/Teniski tereni/Bergo flow za pickelball.webp","novi sajt/Vestacka trava/Sportski tereni/Teniski tereni","Bergo flow za pickelball.webp",576,359,landscape,127
"C:/Miroslav/Antas line/novi sajt/Vestacka trava/Sportski tereni/Teniski tereni/teniski-teren-od-vestacke-trave.jpg","novi sajt/Vestacka trava/Sportski tereni/Teniski tereni",teniski-teren-od-vestacke-trave.jpg,786,246,landscape,31
"C:/Miroslav/Antas line/novi sajt/Vestacka trava/Sportski tereni/Teniski tereni/trava-za-teniske-terene.jpg","novi sajt/Vestacka trava/Sportski tereni/Teniski tereni",trava-za-teniske-terene.jpg,576,359,landscape,87
"C:/Miroslav/Antas line/novi sajt/Vestacka trava/Sportski tereni/Teniski tereni/vestacka trava za padel terene notix safitex.webp","novi sajt/Vestacka trava/Sportski tereni/Teniski tereni","vestacka trava za padel terene notix safitex.webp",576,359,landscape,72
"C:/Miroslav/Antas line/novi sajt/Vestacka trava/Sportski tereni/Teniski tereni/vestacka-trava-za-tenis.jpg","novi sajt/Vestacka trava/Sportski tereni/Teniski tereni",vestacka-trava-za-tenis.jpg,576,359,landscape,53
"C:/Miroslav/Antas line/novi sajt/Vestacka trava/Sportski tereni/trava u boji/antracit-vestacka-trava.jpg","novi sajt/Vestacka trava/Sportski tereni/trava u boji",antracit-vestacka-trava.jpg,576,359,landscape,115
"C:/Miroslav/Antas line/novi sajt/Vestacka trava/Sportski tereni/trava u boji/Crna-vestacka-trava.jpg","novi sajt/Vestacka trava/Sportski tereni/trava u boji",Crna-vestacka-trava.jpg,576,359,landscape,31
"C:/Miroslav/Antas line/novi sajt/Vestacka trava/Sportski tereni/trava u boji/Limun-boja-vestacka-trava-ful.jpg","novi sajt/Vestacka trava/Sportski tereni/trava u boji",Limun-boja-vestacka-trava-ful.jpg,576,359,landscape,125
"C:/Miroslav/Antas line/novi sajt/Vestacka trava/Sportski tereni/trava u boji/Limun-boja-vestacka-trava.jpg","novi sajt/Vestacka trava/Sportski tereni/trava u boji",Limun-boja-vestacka-trava.jpg,576,359,landscape,59
"C:/Miroslav/Antas line/novi sajt/Vestacka trava/Sportski tereni/trava u boji/ljubicasta-vestacka-trava.jpg","novi sajt/Vestacka trava/Sportski tereni/trava u boji",ljubicasta-vestacka-trava.jpg,576,359,landscape,98
"C:/Miroslav/Antas line/novi sajt/Vestacka trava/Sportski tereni/trava u boji/Pink-vestacka-trava.jpg","novi sajt/Vestacka trava/Sportski tereni/trava u boji",Pink-vestacka-trava.jpg,576,359,landscape,66
"C:/Miroslav/Antas line/novi sajt/Vestacka trava/Sportski tereni/trava u boji/plava-vestacka-trava.jpg","novi sajt/Vestacka trava/Sportski tereni/trava u boji",plava-vestacka-trava.jpg,576,359,landscape,176
"C:/Miroslav/Antas line/novi sajt/Vestacka trava/Sportski tereni/trava u boji/Srebrna-vestacka-trava.jpg","novi sajt/Vestacka trava/Sportski tereni/trava u boji",Srebrna-vestacka-trava.jpg,576,359,landscape,37
"C:/Miroslav/Antas line/novi sajt/Vestacka trava/Sportski tereni/trava u boji/Tamno-siva-trava.jpg","novi sajt/Vestacka trava/Sportski tereni/trava u boji",Tamno-siva-trava.jpg,576,359,landscape,99
"C:/Miroslav/Antas line/novi sajt/Vestacka trava/Sportski tereni/trava u boji/tamno-siva-vestacka-trava.jpg","novi sajt/Vestacka trava/Sportski tereni/trava u boji",tamno-siva-vestacka-trava.jpg,576,359,landscape,45
"C:/Miroslav/Antas line/novi sajt/Vestacka trava/Sportski tereni/trava u boji/vestacka-trava-antracit.jpg","novi sajt/Vestacka trava/Sportski tereni/trava u boji",vestacka-trava-antracit.jpg,576,359,landscape,44
"C:/Miroslav/Antas line/novi sajt/Vestacka trava/Sportski tereni/trava u boji/vestacka-trava-crna.jpg","novi sajt/Vestacka trava/Sportski tereni/trava u boji",vestacka-trava-crna.jpg,576,359,landscape,68
"C:/Miroslav/Antas line/novi sajt/Vestacka trava/Sportski tereni/trava u boji/Vestacka-trava-ljubicasta.jpg","novi sajt/Vestacka trava/Sportski tereni/trava u boji",Vestacka-trava-ljubicasta.jpg,576,359,landscape,26
"C:/Miroslav/Antas line/novi sajt/Vestacka trava/Sportski tereni/trava u boji/vestacka-trava-ljubicaste-boje.jpg","novi sajt/Vestacka trava/Sportski tereni/trava u boji",vestacka-trava-ljubicaste-boje.jpg,576,359,landscape,45
"C:/Miroslav/Antas line/novi sajt/Vestacka trava/Sportski tereni/trava u boji/Vestacka-trava-pink.jpg","novi sajt/Vestacka trava/Sportski tereni/trava u boji",Vestacka-trava-pink.jpg,576,359,landscape,137
"C:/Miroslav/Antas line/novi sajt/Vestacka trava/Sportski tereni/trava u boji/vestacka-trava-plave-boje.jpg","novi sajt/Vestacka trava/Sportski tereni/trava u boji",vestacka-trava-plave-boje.jpg,576,359,landscape,62
"C:/Miroslav/Antas line/novi sajt/Vestacka trava/Sportski tereni/trava u boji/vestacka-trava-srebrna.jpg","novi sajt/Vestacka trava/Sportski tereni/trava u boji",vestacka-trava-srebrna.jpg,576,359,landscape,106
"C:/Miroslav/Antas line/novi sajt/Vestacka trava/Sportski tereni/Vestacka-trava-za-fudbal.jpg","novi sajt/Vestacka trava/Sportski tereni",Vestacka-trava-za-fudbal.jpg,576,359,landscape,93
"C:/Miroslav/Antas line/novi sajt/Vestacka trava/Sportski tereni/XJ performance/vestacka-trava-xj-performance-top.jpg","novi sajt/Vestacka trava/Sportski tereni/XJ performance",vestacka-trava-xj-performance-top.jpg,576,359,landscape,123
"C:/Miroslav/Antas line/novi sajt/Vestacka trava/Sportski tereni/XJ performance/vestacka-trava-xj-performance.jpg","novi sajt/Vestacka trava/Sportski tereni/XJ performance",vestacka-trava-xj-performance.jpg,576,359,landscape,55
"C:/Miroslav/Antas line/novi sajt/Vestacka trava/Sportski tereni/XJ performance/vestacka-trava-za-fudbalski-teren.jpg","novi sajt/Vestacka trava/Sportski tereni/XJ performance",vestacka-trava-za-fudbalski-teren.jpg,786,246,landscape,73
"C:/Miroslav/Antas line/novi sajt/Vestacka trava/Sportski tereni/XT COMPETITION/vestacka-trava-xj-competition-top.jpg","novi sajt/Vestacka trava/Sportski tereni/XT COMPETITION",vestacka-trava-xj-competition-top.jpg,576,359,landscape,92
"C:/Miroslav/Antas line/novi sajt/Vestacka trava/Sportski tereni/XT COMPETITION/vestacka-trava-xj-competition-za-sport.jpg","novi sajt/Vestacka trava/Sportski tereni/XT COMPETITION",vestacka-trava-xj-competition-za-sport.jpg,576,359,landscape,74
"C:/Miroslav/Antas line/novi sajt/Vestacka trava/Sportski tereni/XT COMPETITION/vestacka-trava-XT-COMPETITION.jpg","novi sajt/Vestacka trava/Sportski tereni/XT COMPETITION",vestacka-trava-XT-COMPETITION.jpg,786,246,landscape,64
"C:/Miroslav/Antas line/novi sajt/Vestacka trava/Sportski tereni/xwr/vestacka-trava-xwr-top.jpg","novi sajt/Vestacka trava/Sportski tereni/xwr",vestacka-trava-xwr-top.jpg,576,359,landscape,67
"C:/Miroslav/Antas line/novi sajt/Vestacka trava/Sportski tereni/xwr/vestacka-trava-za-fudbalske-terene-xwr.jpg","novi sajt/Vestacka trava/Sportski tereni/xwr",vestacka-trava-za-fudbalske-terene-xwr.jpg,576,359,landscape,111
"C:/Miroslav/Antas line/novi sajt/Vestacka trava/Sportski tereni/xwr/vestacka-trava-za-fudbalski-teren-XWR.jpg","novi sajt/Vestacka trava/Sportski tereni/xwr",vestacka-trava-za-fudbalski-teren-XWR.jpg,786,246,landscape,66
"C:/Miroslav/Antas line/novi sajt/zastita trave i plocnika/bergo solid podloge.webp","novi sajt/zastita trave i plocnika","bergo solid podloge.webp",1240,500,landscape,107
"C:/Miroslav/Antas line/novi sajt/zastita trave i plocnika/kamion i viljuskar se krecu preko trave na podlozi.webp","novi sajt/zastita trave i plocnika","kamion i viljuskar se krecu preko trave na podlozi.webp",800,500,landscape,112
"C:/Miroslav/Antas line/novi sajt/zastita trave i plocnika/obelezavanje zona u magacinu sa trakama.webp","novi sajt/zastita trave i plocnika","obelezavanje zona u magacinu sa trakama.webp",576,359,landscape,55
"C:/Miroslav/Antas line/plasticna-podloga-za-tenis.jpg",.,plasticna-podloga-za-tenis.jpg,1024,576,landscape,145
"C:/Miroslav/Antas line/pod za komercijalni objekat 3.jpg",.,"pod za komercijalni objekat 3.jpg",768,389,landscape,81
"C:/Miroslav/Antas line/podloga-za-kosarkaski-teren.jpg",.,podloga-za-kosarkaski-teren.jpg,1920,696,landscape,213
"C:/Miroslav/Antas line/podovi za industriju.webp",.,"podovi za industriju.webp",1920,800,landscape,88
"C:/Miroslav/Antas line/Proizvodo/Bežični LED signalni senzor za pešake – dvostrani 04.webp",Proizvodo,"Bežični LED signalni senzor za pešake – dvostrani 04.webp",600,600,kvadrat,8
"C:/Miroslav/Antas line/Proizvodo/Bežični LED signalni senzor za pešake – dvostrani 05.webp",Proizvodo,"Bežični LED signalni senzor za pešake – dvostrani 05.webp",600,600,kvadrat,26
"C:/Miroslav/Antas line/Proizvodo/Bežični LED signalni senzor za pešake – dvostrani.webp",Proizvodo,"Bežični LED signalni senzor za pešake – dvostrani.webp",800,800,kvadrat,24
"C:/Miroslav/Antas line/Proizvodo/Bežični LED signalni senzor za pešake – dvostrani01.webp",Proizvodo,"Bežični LED signalni senzor za pešake – dvostrani01.webp",800,800,kvadrat,18
"C:/Miroslav/Antas line/Proizvodo/Bežični LED signalni senzor za pešake – dvostrani02.webp",Proizvodo,"Bežični LED signalni senzor za pešake – dvostrani02.webp",600,600,kvadrat,10
"C:/Miroslav/Antas line/Proizvodo/Bežični LED signalni senzor za pešake – dvostrani03.webp",Proizvodo,"Bežični LED signalni senzor za pešake – dvostrani03.webp",600,600,kvadrat,5
"C:/Miroslav/Antas line/Proizvodo/Cart Stopper.webp",Proizvodo,"Cart Stopper.webp",600,600,kvadrat,10
"C:/Miroslav/Antas line/Proizvodo/Conic Surface Bumper.webp",Proizvodo,"Conic Surface Bumper.webp",600,600,kvadrat,5
"C:/Miroslav/Antas line/Proizvodo/DuraStripe Cold Storage Rolls.webp",Proizvodo,"DuraStripe Cold Storage Rolls.webp",600,600,kvadrat,8
"C:/Miroslav/Antas line/Proizvodo/DuraStripe Floor Marking Shapes.webp",Proizvodo,"DuraStripe Floor Marking Shapes.webp",600,600,kvadrat,35
"C:/Miroslav/Antas line/Proizvodo/DuraStripe Mean Lean.webp",Proizvodo,"DuraStripe Mean Lean.webp",600,600,kvadrat,29
"C:/Miroslav/Antas line/Proizvodo/DuraStripe Supreme V trake obelezavanje.webp",Proizvodo,"DuraStripe Supreme V trake obelezavanje.webp",600,600,kvadrat,42
"C:/Miroslav/Antas line/Proizvodo/DuraStripe Supreme V trake.webp",Proizvodo,"DuraStripe Supreme V trake.webp",600,600,kvadrat,18
"C:/Miroslav/Antas line/Proizvodo/DuraStripe Supreme V.webp",Proizvodo,"DuraStripe Supreme V.webp",600,600,kvadrat,21
"C:/Miroslav/Antas line/Proizvodo/DURASTRIPE XTREME trake.webp",Proizvodo,"DURASTRIPE XTREME trake.webp",600,600,kvadrat,13
"C:/Miroslav/Antas line/Proizvodo/ECB120.webp",Proizvodo,ECB120.webp,600,600,kvadrat,8
"C:/Miroslav/Antas line/Proizvodo/Ergo T-Slot Snap-In Bumper.webp",Proizvodo,"Ergo T-Slot Snap-In Bumper.webp",600,600,kvadrat,37
"C:/Miroslav/Antas line/Proizvodo/Ergomat CCIB120.webp",Proizvodo,"Ergomat CCIB120.webp",600,600,kvadrat,4
"C:/Miroslav/Antas line/Proizvodo/Ergomat CCP120.webp",Proizvodo,"Ergomat CCP120.webp",600,600,kvadrat,6
"C:/Miroslav/Antas line/Proizvodo/ergomat logo.webp",Proizvodo,"ergomat logo.webp",300,100,landscape,4
"C:/Miroslav/Antas line/Proizvodo/Ergomat LSCB120.webp",Proizvodo,"Ergomat LSCB120.webp",600,600,kvadrat,15
"C:/Miroslav/Antas line/Proizvodo/Ergomat Round Corner Bumper.webp",Proizvodo,"Ergomat Round Corner Bumper.webp",600,600,kvadrat,10
"C:/Miroslav/Antas line/Proizvodo/Ergomat SCBP120.webp",Proizvodo,"Ergomat SCBP120.webp",600,600,kvadrat,13
"C:/Miroslav/Antas line/Proizvodo/IQ Directional PIR Sensor with Warning Light.webp",Proizvodo,"IQ Directional PIR Sensor with Warning Light.webp",600,600,kvadrat,22
"C:/Miroslav/Antas line/Proizvodo/Konusni štitnik za I-profil.webp",Proizvodo,"Konusni štitnik za I-profil.webp",600,600,kvadrat,6
"C:/Miroslav/Antas line/Proizvodo/kosarkaska konstrukcija sa tockovima STREET SPORT specifikacija.webp",Proizvodo,"kosarkaska konstrukcija sa tockovima STREET SPORT specifikacija.webp",600,600,kvadrat,9
"C:/Miroslav/Antas line/Proizvodo/kosarkaska konstrukcija sa tockovima STREET SPORT.webp",Proizvodo,"kosarkaska konstrukcija sa tockovima STREET SPORT.webp",600,600,kvadrat,11
"C:/Miroslav/Antas line/Proizvodo/kosarkaske kosevi/konstrukcija za kos Lite Shot 325 .webp","Proizvodo/kosarkaske kosevi","konstrukcija za kos Lite Shot 325 .webp",600,600,kvadrat,13
"C:/Miroslav/Antas line/Proizvodo/kosarkaske kosevi/konstrukcija za kos Lite Shot 325 sklopljena.webp","Proizvodo/kosarkaske kosevi","konstrukcija za kos Lite Shot 325 sklopljena.webp",600,600,kvadrat,12
"C:/Miroslav/Antas line/Proizvodo/kosarkaske kosevi/kosarkaska konstrukcija MicroShot 125 sklopljena.webp","Proizvodo/kosarkaske kosevi","kosarkaska konstrukcija MicroShot 125 sklopljena.webp",600,600,kvadrat,6
"C:/Miroslav/Antas line/Proizvodo/kosarkaske kosevi/kosarkaska konstrukcija MicroShot 125 u sali.webp","Proizvodo/kosarkaske kosevi","kosarkaska konstrukcija MicroShot 125 u sali.webp",600,600,kvadrat,59
"C:/Miroslav/Antas line/Proizvodo/kosarkaske kosevi/kosarkaska konstrukcija MicroShot 125.webp","Proizvodo/kosarkaske kosevi","kosarkaska konstrukcija MicroShot 125.webp",600,600,kvadrat,13
"C:/Miroslav/Antas line/Proizvodo/kosarkaske kosevi/kosarkaska konstrukcija MiniShot 225 sklopljena.webp","Proizvodo/kosarkaske kosevi","kosarkaska konstrukcija MiniShot 225 sklopljena.webp",600,600,kvadrat,14
"C:/Miroslav/Antas line/Proizvodo/kosarkaske kosevi/kosarkaska konstrukcija MiniShot 225 specifikacija.webp","Proizvodo/kosarkaske kosevi","kosarkaska konstrukcija MiniShot 225 specifikacija.webp",600,600,kvadrat,20
"C:/Miroslav/Antas line/Proizvodo/kosarkaske kosevi/kosarkaska konstrukcija MiniShot 225.webp","Proizvodo/kosarkaske kosevi","kosarkaska konstrukcija MiniShot 225.webp",600,600,kvadrat,13
"C:/Miroslav/Antas line/Proizvodo/kosarkaske kosevi/lock sistem na konstrukciji.webp","Proizvodo/kosarkaske kosevi","lock sistem na konstrukciji.webp",600,600,kvadrat,10
"C:/Miroslav/Antas line/Proizvodo/Large Rectangle Surface Bumper.webp",Proizvodo,"Large Rectangle Surface Bumper.webp",600,600,kvadrat,8
"C:/Miroslav/Antas line/Proizvodo/Large Round Corner Bumper.webp",Proizvodo,"Large Round Corner Bumper.webp",600,600,kvadrat,11
"C:/Miroslav/Antas line/Proizvodo/obruc za kos - zglobni.webp",Proizvodo,"obruc za kos - zglobni.webp",600,600,kvadrat,7
"C:/Miroslav/Antas line/Proizvodo/obruc za kosarku sa zglobom.webp",Proizvodo,"obruc za kosarku sa zglobom.webp",600,600,kvadrat,4
"C:/Miroslav/Antas line/Proizvodo/Polukružni odbojnik za I-grede HCIB120.webp",Proizvodo,"Polukružni odbojnik za I-grede HCIB120.webp",600,600,kvadrat,7
"C:/Miroslav/Antas line/Proizvodo/Polukružni zaštitnik za cevi.webp",Proizvodo,"Polukružni zaštitnik za cevi.webp",600,600,kvadrat,10
"C:/Miroslav/Antas line/Proizvodo/Rectangle Surface Bumper.webp",Proizvodo,"Rectangle Surface Bumper.webp",600,600,kvadrat,7
"C:/Miroslav/Antas line/Proizvodo/Rounded Edge Surface Bumper.webp",Proizvodo,"Rounded Edge Surface Bumper.webp",600,600,kvadrat,9
"C:/Miroslav/Antas line/Proizvodo/rsdb120.webp",Proizvodo,rsdb120.webp,600,600,kvadrat,8
"C:/Miroslav/Antas line/Proizvodo/XLarge Square Corner Bumper.webp",Proizvodo,"XLarge Square Corner Bumper.webp",600,600,kvadrat,11
"C:/Miroslav/Antas line/Proizvodo/Zaštita ivica durastripe edge protector.webp",Proizvodo,"Zaštita ivica durastripe edge protector.webp",600,600,kvadrat,15
"C:/Miroslav/Antas line/Proizvodo/zglobni kosarksarki obruc.webp",Proizvodo,"zglobni kosarksarki obruc.webp",600,600,kvadrat,8
"C:/Miroslav/Antas line/reciklaza 3.jpg",.,"reciklaza 3.jpg",225,225,kvadrat,10
"C:/Miroslav/Antas line/Reference logotipi/adient logo.webp","Reference logotipi","adient logo.webp",250,75,landscape,1
"C:/Miroslav/Antas line/Reference logotipi/amss logo.webp","Reference logotipi","amss logo.webp",250,75,landscape,1
"C:/Miroslav/Antas line/Reference logotipi/bosch logo.webp","Reference logotipi","bosch logo.webp",250,75,landscape,3
"C:/Miroslav/Antas line/Reference logotipi/filip moris.webp","Reference logotipi","filip moris.webp",250,75,landscape,168
"C:/Miroslav/Antas line/Reference logotipi/Mup logo.webp","Reference logotipi","Mup logo.webp",250,75,landscape,2
"C:/Miroslav/Antas line/Reference logotipi/orion logo.webp","Reference logotipi","orion logo.webp",250,75,landscape,2
"C:/Miroslav/Antas line/Reference logotipi/philip morris logo.webp","Reference logotipi","philip morris logo.webp",250,75,landscape,4
"C:/Miroslav/Antas line/slika za blog post lobi.png",.,"slika za blog post lobi.png",1024,1536,portrait,2856
"C:/Miroslav/Antas line/slike/baste i terase/bergo supreme 1.jpg","slike/baste i terase","bergo supreme 1.jpg",4072,2791,landscape,1946
"C:/Miroslav/Antas line/slike/baste i terase/Bergo unique ceedar wood Tara.png","slike/baste i terase","Bergo unique ceedar wood Tara.png",1242,1655,portrait,2454
"C:/Miroslav/Antas line/slike/baste i terase/Bergo unique ceedar wood Tara1.jpg","slike/baste i terase","Bergo unique ceedar wood Tara1.jpg",800,1066,portrait,422
"C:/Miroslav/Antas line/slike/baste i terase/bergo_strandudden_3 (w500_h500_q85_c_u).jpg","slike/baste i terase","bergo_strandudden_3 (w500_h500_q85_c_u).jpg",500,500,kvadrat,63
"C:/Miroslav/Antas line/slike/baste i terase/Bergo_XL_terasa.jpg","slike/baste i terase",Bergo_XL_terasa.jpg,960,540,landscape,269
"C:/Miroslav/Antas line/slike/baste i terase/Bergo_XL_terasa2.jpg","slike/baste i terase",Bergo_XL_terasa2.jpg,960,540,landscape,299
"C:/Miroslav/Antas line/slike/baste i terase/Bergo_XL_terasa3.jpg","slike/baste i terase",Bergo_XL_terasa3.jpg,960,540,landscape,308
"C:/Miroslav/Antas line/slike/baste i terase/Cafe Arabica - Kruševac.jpg","slike/baste i terase","Cafe Arabica - Kruševac.jpg",1280,508,landscape,528
"C:/Miroslav/Antas line/slike/baste i terase/cafe metropolis music.jpg","slike/baste i terase","cafe metropolis music.jpg",960,720,landscape,184
"C:/Miroslav/Antas line/slike/baste i terase/IMG-5395e12ffb89c903bd7d592069ccffec-V.jpg","slike/baste i terase",IMG-5395e12ffb89c903bd7d592069ccffec-V.jpg,720,1280,portrait,99
"C:/Miroslav/Antas line/slike/baste i terase/kafe briboj 1.jpg","slike/baste i terase","kafe briboj 1.jpg",800,600,landscape,254
"C:/Miroslav/Antas line/slike/baste i terase/kafe briboj 2.jpg","slike/baste i terase","kafe briboj 2.jpg",800,600,landscape,264
"C:/Miroslav/Antas line/slike/baste i terase/ostrvo Vir montaza dekorativne.jpg","slike/baste i terase","ostrvo Vir montaza dekorativne.jpg",1600,1200,landscape,207
"C:/Miroslav/Antas line/slike/baste i terase/ostrvo Vir Sitin dekorativna.jpg","slike/baste i terase","ostrvo Vir Sitin dekorativna.jpg",1600,1200,landscape,205
"C:/Miroslav/Antas line/slike/baste i terase/podne ploce za terase.jpg","slike/baste i terase","podne ploce za terase.jpg",780,960,portrait,154
"C:/Miroslav/Antas line/slike/baste i terase/podne-obloge-xl-slika.jpg","slike/baste i terase",podne-obloge-xl-slika.jpg,780,960,portrait,154
"C:/Miroslav/Antas line/slike/baste i terase/podovi za baste1.jpg","slike/baste i terase","podovi za baste1.jpg",1200,700,landscape,215
"C:/Miroslav/Antas line/slike/baste i terase/podovi za baste2.jpg","slike/baste i terase","podovi za baste2.jpg",1200,700,landscape,263
"C:/Miroslav/Antas line/slike/baste i terase/podovi za baste3.jpg","slike/baste i terase","podovi za baste3.jpg",1200,700,landscape,245
"C:/Miroslav/Antas line/slike/baste i terase/unique.jpg","slike/baste i terase",unique.jpg,500,500,kvadrat,74
"C:/Miroslav/Antas line/slike/sportske podloge/Bela Crkva.jpg","slike/sportske podloge","Bela Crkva.jpg",1080,788,landscape,123
"C:/Miroslav/Antas line/slike/sportske podloge/Belgrade challenger/3x3 Belgrade Challenger 1.jpg","slike/sportske podloge/Belgrade challenger","3x3 Belgrade Challenger 1.jpg",960,640,landscape,173
"C:/Miroslav/Antas line/slike/sportske podloge/Belgrade challenger/3x3 Belgrade Challenger 10.jpg","slike/sportske podloge/Belgrade challenger","3x3 Belgrade Challenger 10.jpg",960,640,landscape,203
"C:/Miroslav/Antas line/slike/sportske podloge/Belgrade challenger/3x3 Belgrade Challenger 11.jpg","slike/sportske podloge/Belgrade challenger","3x3 Belgrade Challenger 11.jpg",642,960,portrait,135
"C:/Miroslav/Antas line/slike/sportske podloge/Belgrade challenger/3x3 Belgrade Challenger 12.jpg","slike/sportske podloge/Belgrade challenger","3x3 Belgrade Challenger 12.jpg",642,960,portrait,160
"C:/Miroslav/Antas line/slike/sportske podloge/Belgrade challenger/3x3 Belgrade Challenger 13.jpg","slike/sportske podloge/Belgrade challenger","3x3 Belgrade Challenger 13.jpg",642,960,portrait,174
"C:/Miroslav/Antas line/slike/sportske podloge/Belgrade challenger/3x3 Belgrade Challenger 14.jpg","slike/sportske podloge/Belgrade challenger","3x3 Belgrade Challenger 14.jpg",642,960,portrait,173
"C:/Miroslav/Antas line/slike/sportske podloge/Belgrade challenger/3x3 Belgrade Challenger 15.jpg","slike/sportske podloge/Belgrade challenger","3x3 Belgrade Challenger 15.jpg",960,640,landscape,177
"C:/Miroslav/Antas line/slike/sportske podloge/Belgrade challenger/3x3 Belgrade Challenger 2.jpg","slike/sportske podloge/Belgrade challenger","3x3 Belgrade Challenger 2.jpg",640,960,portrait,180
"C:/Miroslav/Antas line/slike/sportske podloge/Belgrade challenger/3x3 Belgrade Challenger 3.jpg","slike/sportske podloge/Belgrade challenger","3x3 Belgrade Challenger 3.jpg",960,640,landscape,209
"C:/Miroslav/Antas line/slike/sportske podloge/Belgrade challenger/3x3 Belgrade Challenger 4.jpg","slike/sportske podloge/Belgrade challenger","3x3 Belgrade Challenger 4.jpg",640,960,portrait,221
"C:/Miroslav/Antas line/slike/sportske podloge/Belgrade challenger/3x3 Belgrade Challenger 7.jpg","slike/sportske podloge/Belgrade challenger","3x3 Belgrade Challenger 7.jpg",960,640,landscape,183
"C:/Miroslav/Antas line/slike/sportske podloge/Belgrade challenger/3x3 Belgrade Challenger 8.jpg","slike/sportske podloge/Belgrade challenger","3x3 Belgrade Challenger 8.jpg",960,640,landscape,205
"C:/Miroslav/Antas line/slike/sportske podloge/Belgrade challenger/3x3 Belgrade Challenger 800X600.jpg","slike/sportske podloge/Belgrade challenger","3x3 Belgrade Challenger 800X600.jpg",802,600,landscape,209
"C:/Miroslav/Antas line/slike/sportske podloge/Belgrade challenger/3x3 Belgrade Challenger 9.jpg","slike/sportske podloge/Belgrade challenger","3x3 Belgrade Challenger 9.jpg",960,640,landscape,198
"C:/Miroslav/Antas line/slike/sportske podloge/Belgrade challenger/3x3 Belgrade Challenger glavni teren.jpg","slike/sportske podloge/Belgrade challenger","3x3 Belgrade Challenger glavni teren.jpg",960,960,kvadrat,283
"C:/Miroslav/Antas line/slike/sportske podloge/Belgrade challenger/3x3 Belgrade Challenger pomocni teren.jpg","slike/sportske podloge/Belgrade challenger","3x3 Belgrade Challenger pomocni teren.jpg",960,960,kvadrat,260
"C:/Miroslav/Antas line/slike/sportske podloge/Belgrade challenger/3x3 Belgrade.jpg","slike/sportske podloge/Belgrade challenger","3x3 Belgrade.jpg",960,960,kvadrat,432
"C:/Miroslav/Antas line/slike/sportske podloge/Belgrade challenger/Bulut.jpg","slike/sportske podloge/Belgrade challenger",Bulut.jpg,960,640,landscape,221
"C:/Miroslav/Antas line/slike/sportske podloge/Belgrade challenger/Challenger 1.jpg","slike/sportske podloge/Belgrade challenger","Challenger 1.jpg",960,640,landscape,216
"C:/Miroslav/Antas line/slike/sportske podloge/Belgrade challenger/Challenger 2.jpg","slike/sportske podloge/Belgrade challenger","Challenger 2.jpg",800,800,kvadrat,363
"C:/Miroslav/Antas line/slike/sportske podloge/Belgrade challenger/Challenger 5.jpg","slike/sportske podloge/Belgrade challenger","Challenger 5.jpg",960,554,landscape,148
"C:/Miroslav/Antas line/slike/sportske podloge/Belgrade challenger/Challenger 6.jpg","slike/sportske podloge/Belgrade challenger","Challenger 6.jpg",960,651,landscape,130
"C:/Miroslav/Antas line/slike/sportske podloge/Bergo multisport - Avala.jpg","slike/sportske podloge","Bergo multisport - Avala.jpg",800,600,landscape,194
"C:/Miroslav/Antas line/slike/sportske podloge/Bergo multisport - Bela Crkva.jpg","slike/sportske podloge","Bergo multisport - Bela Crkva.jpg",800,600,landscape,276
"C:/Miroslav/Antas line/slike/sportske podloge/Bergo multisport - Belegis.jpg","slike/sportske podloge","Bergo multisport - Belegis.jpg",800,600,landscape,167
"C:/Miroslav/Antas line/slike/sportske podloge/Bergo multisport - Belegis2.jpg","slike/sportske podloge","Bergo multisport - Belegis2.jpg",800,600,landscape,143
"C:/Miroslav/Antas line/slike/sportske podloge/Bergo multisport - Belegis3.jpg","slike/sportske podloge","Bergo multisport - Belegis3.jpg",800,600,landscape,146
"C:/Miroslav/Antas line/slike/sportske podloge/Bergo multisport - Bezdan.jpg","slike/sportske podloge","Bergo multisport - Bezdan.jpg",800,600,landscape,296
"C:/Miroslav/Antas line/slike/sportske podloge/Bergo multisport - Bezdan2.jpg","slike/sportske podloge","Bergo multisport - Bezdan2.jpg",800,600,landscape,367
"C:/Miroslav/Antas line/slike/sportske podloge/Bergo multisport - Despotovac.jpg","slike/sportske podloge","Bergo multisport - Despotovac.jpg",800,600,landscape,270
"C:/Miroslav/Antas line/slike/sportske podloge/Bergo multisport - Obrenovac.jpg","slike/sportske podloge","Bergo multisport - Obrenovac.jpg",800,600,landscape,226
"C:/Miroslav/Antas line/slike/sportske podloge/Bergo multisport - Sirig.jpg","slike/sportske podloge","Bergo multisport - Sirig.jpg",800,600,landscape,135
"C:/Miroslav/Antas line/slike/sportske podloge/Bergo multisport - Slankamen.jpg","slike/sportske podloge","Bergo multisport - Slankamen.jpg",800,600,landscape,272
"C:/Miroslav/Antas line/slike/sportske podloge/Bergo multisport vrdnik1.jpg","slike/sportske podloge","Bergo multisport vrdnik1.jpg",1280,960,landscape,183
"C:/Miroslav/Antas line/slike/sportske podloge/Bergo Ultimate -  BIH 2020.jpg","slike/sportske podloge","Bergo Ultimate -  BIH 2020.jpg",960,718,landscape,80
"C:/Miroslav/Antas line/slike/sportske podloge/Bergo ultimate plus.jpg","slike/sportske podloge","Bergo ultimate plus.jpg",4096,2730,landscape,11598
"C:/Miroslav/Antas line/slike/sportske podloge/Bergoflooring_Ultimate_School Nikola Tesla Banja Luka 800x600.jpg","slike/sportske podloge","Bergoflooring_Ultimate_School Nikola Tesla Banja Luka 800x600.jpg",800,449,landscape,230
"C:/Miroslav/Antas line/slike/sportske podloge/British Internatinal School, Belgrade.jpg","slike/sportske podloge","British Internatinal School, Belgrade.jpg",800,600,landscape,235
"C:/Miroslav/Antas line/slike/sportske podloge/Dom Ucenika Patrijarh Pavle 2 - Bergo tenis.jpg","slike/sportske podloge","Dom Ucenika Patrijarh Pavle 2 - Bergo tenis.jpg",800,600,landscape,191
"C:/Miroslav/Antas line/slike/sportske podloge/Jordan konstrukcija2.jpg","slike/sportske podloge","Jordan konstrukcija2.jpg",800,600,landscape,176
"C:/Miroslav/Antas line/slike/sportske podloge/OS Danilo Zelenovic - Sirig.jpg","slike/sportske podloge","OS Danilo Zelenovic - Sirig.jpg",800,600,landscape,135
"C:/Miroslav/Antas line/slike/sportske podloge/OS Josif Pancic - teren za basket.jpg","slike/sportske podloge","OS Josif Pancic - teren za basket.jpg",800,600,landscape,229
"C:/Miroslav/Antas line/slike/sportske podloge/OS Jovan Cvijic.jpg","slike/sportske podloge","OS Jovan Cvijic.jpg",800,600,landscape,197
"C:/Miroslav/Antas line/slike/sportske podloge/OŠ Jovan Cvijić.jpg","slike/sportske podloge","OŠ Jovan Cvijić.jpg",1600,900,landscape,381
"C:/Miroslav/Antas line/slike/sportske podloge/Privatni teren Cacak - Multisport (1).jpg","slike/sportske podloge","Privatni teren Cacak - Multisport (1).jpg",1280,960,landscape,156
"C:/Miroslav/Antas line/slike/sportske podloge/Spanoulis Court Beograd.jpg","slike/sportske podloge","Spanoulis Court Beograd.jpg",740,416,landscape,70
"C:/Miroslav/Antas line/slike/sportske podloge/TC Galerija - Beograd.jpg","slike/sportske podloge","TC Galerija - Beograd.jpg",800,600,landscape,181
"C:/Miroslav/Antas line/slike/sportske podloge/Teren 3x3 -  Kanjiza.jpg","slike/sportske podloge","Teren 3x3 -  Kanjiza.jpg",1040,780,landscape,388
"C:/Miroslav/Antas line/slike/sportske podloge/Teren 3x3 - Cacak.jpg","slike/sportske podloge","Teren 3x3 - Cacak.jpg",1280,960,landscape,156
"C:/Miroslav/Antas line/slike/sportske podloge/Teren 3x3 - Drinska bajka Bajina Basta.jpg","slike/sportske podloge","Teren 3x3 - Drinska bajka Bajina Basta.jpg",1080,1080,kvadrat,344
"C:/Miroslav/Antas line/slike/sportske podloge/Teren 3x3 - Irig.jpg","slike/sportske podloge","Teren 3x3 - Irig.jpg",800,600,landscape,206
"C:/Miroslav/Antas line/slike/sportske podloge/Teren 3x3 - Jajinci.jpg","slike/sportske podloge","Teren 3x3 - Jajinci.jpg",960,540,landscape,118
"C:/Miroslav/Antas line/slike/sportske podloge/Teren 3x3 15x11- Jakovo.jpg","slike/sportske podloge","Teren 3x3 15x11- Jakovo.jpg",800,600,landscape,110
"C:/Miroslav/Antas line/slike/sportske podloge/Teren 3x3 16x11 - Zlatibor.jpg","slike/sportske podloge","Teren 3x3 16x11 - Zlatibor.jpg",800,600,landscape,172
"C:/Miroslav/Antas line/slike/sportske podloge/teren Jokic.jpg","slike/sportske podloge","teren Jokic.jpg",800,745,landscape,315
"C:/Miroslav/Antas line/slike/sportske podloge/Teren Multi - Belegis.jpg","slike/sportske podloge","Teren Multi - Belegis.jpg",1200,583,landscape,253
"C:/Miroslav/Antas line/slike/sportske podloge/Teren multi sport sa konzolnim kosem - Pula.jpg","slike/sportske podloge","Teren multi sport sa konzolnim kosem - Pula.jpg",1063,598,landscape,314
"C:/Miroslav/Antas line/slike/sportske podloge/teren u kancelariji2.jpg","slike/sportske podloge","teren u kancelariji2.jpg",2016,1512,landscape,798
"C:/Miroslav/Antas line/slike/sportske podloge/teren za basket u dvoristu.jpg","slike/sportske podloge","teren za basket u dvoristu.jpg",4608,3456,landscape,2714
"C:/Miroslav/Antas line/slike/sportske podloge/teren za ogradom Barajevo.jpg","slike/sportske podloge","teren za ogradom Barajevo.jpg",800,600,landscape,153
"C:/Miroslav/Antas line/slike/sportske podloge/TERENI ADA.jpg","slike/sportske podloge","TERENI ADA.jpg",695,521,landscape,157
"C:/Miroslav/Antas line/slike/sportske podloge/TERENI ODBOJKA ADA.jpg","slike/sportske podloge","TERENI ODBOJKA ADA.jpg",695,521,landscape,178
"C:/Miroslav/Antas line/slike 12-22/bergo baste/Bazen Vrdnik.jpg","slike 12-22/bergo baste","Bazen Vrdnik.jpg",800,600,landscape,220
"C:/Miroslav/Antas line/slike 12-22/bergo baste/bašta senjak.jpg","slike 12-22/bergo baste","bašta senjak.jpg",720,1280,portrait,100
"C:/Miroslav/Antas line/slike 12-22/bergo baste/bergo basta 4.jpg","slike 12-22/bergo baste","bergo basta 4.jpg",1080,1440,portrait,330
"C:/Miroslav/Antas line/slike 12-22/bergo baste/Bergo bazen bela podloga.jpg","slike 12-22/bergo baste","Bergo bazen bela podloga.jpg",960,720,landscape,89
"C:/Miroslav/Antas line/slike 12-22/bergo baste/Bergo multisport basta.jpg","slike 12-22/bergo baste","Bergo multisport basta.jpg",960,640,landscape,123
"C:/Miroslav/Antas line/slike 12-22/bergo baste/Bergo multisport basta2.jpg","slike 12-22/bergo baste","Bergo multisport basta2.jpg",960,640,landscape,97
"C:/Miroslav/Antas line/slike 12-22/bergo baste/bergo podloga za baste.jpg","slike 12-22/bergo baste","bergo podloga za baste.jpg",960,740,landscape,201
"C:/Miroslav/Antas line/slike 12-22/bergo baste/bergo supreme 1.jpg","slike 12-22/bergo baste","bergo supreme 1.jpg",4072,2791,landscape,1946
"C:/Miroslav/Antas line/slike 12-22/bergo baste/BERGO TERASA.jpg","slike 12-22/bergo baste","BERGO TERASA.jpg",2000,2000,kvadrat,888
"C:/Miroslav/Antas line/slike 12-22/bergo baste/bergo uniqe.jpg","slike 12-22/bergo baste","bergo uniqe.jpg",2784,1856,landscape,1476
"C:/Miroslav/Antas line/slike 12-22/bergo baste/Bergo unique - Beograd.jpg","slike 12-22/bergo baste","Bergo unique - Beograd.jpg",720,960,portrait,177
"C:/Miroslav/Antas line/slike 12-22/bergo baste/Bergo unique Bar.jpg","slike 12-22/bergo baste","Bergo unique Bar.jpg",960,640,landscape,152
"C:/Miroslav/Antas line/slike 12-22/bergo baste/Bergo unique ceedar wood Tara.png","slike 12-22/bergo baste","Bergo unique ceedar wood Tara.png",1242,1655,portrait,2454
"C:/Miroslav/Antas line/slike 12-22/bergo baste/Bergo unique city cafe.jpg","slike 12-22/bergo baste","Bergo unique city cafe.jpg",960,720,landscape,127
"C:/Miroslav/Antas line/slike 12-22/bergo baste/bergo unique terasa.jpg","slike 12-22/bergo baste","bergo unique terasa.jpg",1600,1200,landscape,394
"C:/Miroslav/Antas line/slike 12-22/bergo baste/bergo unique terasa2.jpg","slike 12-22/bergo baste","bergo unique terasa2.jpg",4508,3431,landscape,2971
"C:/Miroslav/Antas line/slike 12-22/bergo baste/Bergo XL Café Deluxe i Växjö.jpg","slike 12-22/bergo baste","Bergo XL Café Deluxe i Växjö.jpg",768,1024,portrait,153
"C:/Miroslav/Antas line/slike 12-22/bergo baste/bergo xl graphite gray2.jpg","slike 12-22/bergo baste","bergo xl graphite gray2.jpg",1500,1500,kvadrat,332
"C:/Miroslav/Antas line/slike 12-22/bergo baste/Bergo xl.jpg","slike 12-22/bergo baste","Bergo xl.jpg",960,960,kvadrat,136
"C:/Miroslav/Antas line/slike 12-22/bergo baste/bergo zid.jpg","slike 12-22/bergo baste","bergo zid.jpg",480,616,portrait,98
"C:/Miroslav/Antas line/slike 12-22/bergo baste/BERGO_BEIGE_LINEN_UNIQUE_FINAL.jpg","slike 12-22/bergo baste",BERGO_BEIGE_LINEN_UNIQUE_FINAL.jpg,1417,945,landscape,259
"C:/Miroslav/Antas line/slike 12-22/bergo baste/bergo_strandudden_3 (w500_h500_q85_c_u).jpg","slike 12-22/bergo baste","bergo_strandudden_3 (w500_h500_q85_c_u).jpg",500,500,kvadrat,63
"C:/Miroslav/Antas line/slike 12-22/bergo baste/bergo_strandudden_3.jpg","slike 12-22/bergo baste",bergo_strandudden_3.jpg,5000,2500,landscape,1696
"C:/Miroslav/Antas line/slike 12-22/bergo baste/Bergo_Unique (1).jpeg","slike 12-22/bergo baste","Bergo_Unique (1).jpeg",1536,2048,portrait,579
"C:/Miroslav/Antas line/slike 12-22/bergo baste/Bergo_XL.jpg","slike 12-22/bergo baste",Bergo_XL.jpg,494,659,portrait,95
"C:/Miroslav/Antas line/slike 12-22/bergo baste/Bergo_XL_sand_pine.jpg","slike 12-22/bergo baste",Bergo_XL_sand_pine.jpg,494,659,portrait,98
"C:/Miroslav/Antas line/slike 12-22/bergo baste/Bergo_XL_sand_pine_2.jpg","slike 12-22/bergo baste",Bergo_XL_sand_pine_2.jpg,494,659,portrait,77
"C:/Miroslav/Antas line/slike 12-22/bergo baste/Bergo_XL_sand_pine_4.jpg","slike 12-22/bergo baste",Bergo_XL_sand_pine_4.jpg,5478,7304,portrait,6712
"C:/Miroslav/Antas line/slike 12-22/bergo baste/Bergo_XL_terasa.jpg","slike 12-22/bergo baste",Bergo_XL_terasa.jpg,960,540,landscape,269
"C:/Miroslav/Antas line/slike 12-22/bergo baste/Bergo_XL_terasa2.jpg","slike 12-22/bergo baste",Bergo_XL_terasa2.jpg,960,540,landscape,299
"C:/Miroslav/Antas line/slike 12-22/bergo baste/Bergo_XL_terasa3.jpg","slike 12-22/bergo baste",Bergo_XL_terasa3.jpg,960,540,landscape,308
"C:/Miroslav/Antas line/slike 12-22/bergo baste/Bergo_XL_warm_violet_2.jpg","slike 12-22/bergo baste",Bergo_XL_warm_violet_2.jpg,5478,7304,portrait,2828
"C:/Miroslav/Antas line/slike 12-22/bergo baste/Cafe Arabica - Kruševac.jpg","slike 12-22/bergo baste","Cafe Arabica - Kruševac.jpg",1280,508,landscape,528
"C:/Miroslav/Antas line/slike 12-22/bergo baste/cafe metropolis music.jpg","slike 12-22/bergo baste","cafe metropolis music.jpg",960,720,landscape,184
"C:/Miroslav/Antas line/slike 12-22/bergo baste/Club Naútico de Barcelona Regata Conde de Godo'.jpg","slike 12-22/bergo baste","Club Naútico de Barcelona Regata Conde de Godo'.jpg",960,522,landscape,105
"C:/Miroslav/Antas line/slike 12-22/bergo baste/Floors-Bergo-Santiago-Bernabeu-Summer-Terrac.jpg","slike 12-22/bergo baste",Floors-Bergo-Santiago-Bernabeu-Summer-Terrac.jpg,826,500,landscape,110
"C:/Miroslav/Antas line/slike 12-22/bergo baste/kafe briboj 1.jpg","slike 12-22/bergo baste","kafe briboj 1.jpg",800,600,landscape,254
"C:/Miroslav/Antas line/slike 12-22/bergo baste/kafe briboj 2.jpg","slike 12-22/bergo baste","kafe briboj 2.jpg",800,600,landscape,264
"C:/Miroslav/Antas line/slike 12-22/bergo baste/Pod za bazene 2.jpg","slike 12-22/bergo baste","Pod za bazene 2.jpg",900,900,kvadrat,713
"C:/Miroslav/Antas line/slike 12-22/bergo baste/podne ploce za terase.jpg","slike 12-22/bergo baste","podne ploce za terase.jpg",780,960,portrait,154
"C:/Miroslav/Antas line/slike 12-22/bergo baste/podne-obloge-xl-slika.jpg","slike 12-22/bergo baste",podne-obloge-xl-slika.jpg,780,960,portrait,154
"C:/Miroslav/Antas line/slike 12-22/bergo baste/podovi za baste1.jpg","slike 12-22/bergo baste","podovi za baste1.jpg",1200,700,landscape,215
"C:/Miroslav/Antas line/slike 12-22/bergo baste/podovi za baste2.jpg","slike 12-22/bergo baste","podovi za baste2.jpg",1200,700,landscape,263
"C:/Miroslav/Antas line/slike 12-22/bergo baste/podovi za baste3.jpg","slike 12-22/bergo baste","podovi za baste3.jpg",1200,700,landscape,245
"C:/Miroslav/Antas line/slike 12-22/bergo baste/restoran zarkovo.jpg","slike 12-22/bergo baste","restoran zarkovo.jpg",1600,721,landscape,215
"C:/Miroslav/Antas line/slike 12-22/bergo baste/Skärmklipp2.jpg","slike 12-22/bergo baste",Skärmklipp2.jpg,303,305,portrait,23
"C:/Miroslav/Antas line/slike 12-22/bergo baste/slika bazen.jpg","slike 12-22/bergo baste","slika bazen.jpg",2880,1920,landscape,953
"C:/Miroslav/Antas line/slike 12-22/bergo baste/terasa1.jpg","slike 12-22/bergo baste",terasa1.jpg,1600,1200,landscape,228
"C:/Miroslav/Antas line/slike 12-22/bergo baste/terasa2.jpg","slike 12-22/bergo baste",terasa2.jpg,1600,1600,kvadrat,247
"C:/Miroslav/Antas line/slike 12-22/bergo baste/terasa3.jpg","slike 12-22/bergo baste",terasa3.jpg,1600,1600,kvadrat,233
"C:/Miroslav/Antas line/slike 12-22/bergo baste/terasa4.jpg","slike 12-22/bergo baste",terasa4.jpg,1600,1200,landscape,241
"C:/Miroslav/Antas line/slike 12-22/bergo bazeni/Bergo_Unique (1) (1).jpeg","slike 12-22/bergo bazeni","Bergo_Unique (1) (1).jpeg",1536,2048,portrait,601
"C:/Miroslav/Antas line/slike 12-22/bergo bazeni/Bergo_Unique (1).jpeg","slike 12-22/bergo bazeni","Bergo_Unique (1).jpeg",1536,2048,portrait,579
"C:/Miroslav/Antas line/slike 12-22/bergo bazeni/Bergo_Unique (11).jpg","slike 12-22/bergo bazeni","Bergo_Unique (11).jpg",4608,3072,landscape,1617
"C:/Miroslav/Antas line/slike 12-22/bergo bazeni/Bergo_Unique (12).jpg","slike 12-22/bergo bazeni","Bergo_Unique (12).jpg",3072,4608,portrait,1482
"C:/Miroslav/Antas line/slike 12-22/bergo bazeni/DSC_0336.jpg","slike 12-22/bergo bazeni",DSC_0336.jpg,3072,4608,portrait,1781
"C:/Miroslav/Antas line/slike 12-22/bergo bazeni/e_103-2.jpg","slike 12-22/bergo bazeni",e_103-2.jpg,1360,989,landscape,227
"C:/Miroslav/Antas line/slike 12-22/bergo bazeni/e_106-1.jpg","slike 12-22/bergo bazeni",e_106-1.jpg,1360,989,landscape,218
"C:/Miroslav/Antas line/slike 12-22/bergo bazeni/e_106-2.jpg","slike 12-22/bergo bazeni",e_106-2.jpg,1360,989,landscape,215
"C:/Miroslav/Antas line/slike 12-22/bergo bazeni/e_107-1.jpg","slike 12-22/bergo bazeni",e_107-1.jpg,1360,989,landscape,192
"C:/Miroslav/Antas line/slike 12-22/bergo bazeni/e_136-3.jpg","slike 12-22/bergo bazeni",e_136-3.jpg,1360,989,landscape,189
"C:/Miroslav/Antas line/slike 12-22/bergo bazeni/e_96-4.jpg","slike 12-22/bergo bazeni",e_96-4.jpg,1360,989,landscape,149
"C:/Miroslav/Antas line/slike 12-22/bergo bazeni/Smart beach chair 2pk.jpg","slike 12-22/bergo bazeni","Smart beach chair 2pk.jpg",2140,1426,landscape,703
"C:/Miroslav/Antas line/slike 12-22/bergo bazeni/soft_unique_bergo_true_white.jpeg","slike 12-22/bergo bazeni",soft_unique_bergo_true_white.jpeg,620,588,landscape,113
"C:/Miroslav/Antas line/slike 12-22/bergo bazeni/Yumco Vranje.jpg","slike 12-22/bergo bazeni","Yumco Vranje.jpg",800,450,landscape,81
"C:/Miroslav/Antas line/slike 12-22/bergo ultimate/15-year_bergo_stampel_guarantee (w106_h104_u).png","slike 12-22/bergo ultimate","15-year_bergo_stampel_guarantee (w106_h104_u).png",104,104,kvadrat,9
"C:/Miroslav/Antas line/slike 12-22/bergo ultimate/Bajna Basta2 2022.jpg","slike 12-22/bergo ultimate","Bajna Basta2 2022.jpg",1600,1200,landscape,212
"C:/Miroslav/Antas line/slike 12-22/bergo ultimate/Bela Crkva.jpg","slike 12-22/bergo ultimate","Bela Crkva.jpg",1080,788,landscape,123
"C:/Miroslav/Antas line/slike 12-22/bergo ultimate/Belgrade challenger 3x3.jpg","slike 12-22/bergo ultimate","Belgrade challenger 3x3.jpg",960,960,kvadrat,214
"C:/Miroslav/Antas line/slike 12-22/bergo ultimate/Beograd na vodi - Galerija krov.jpg","slike 12-22/bergo ultimate","Beograd na vodi - Galerija krov.jpg",1600,1200,landscape,218
"C:/Miroslav/Antas line/slike 12-22/bergo ultimate/bergo Kanjiza2.jpg","slike 12-22/bergo ultimate","bergo Kanjiza2.jpg",800,600,landscape,191
"C:/Miroslav/Antas line/slike 12-22/bergo ultimate/Bergo multisport - Avala.jpg","slike 12-22/bergo ultimate","Bergo multisport - Avala.jpg",800,600,landscape,194
"C:/Miroslav/Antas line/slike 12-22/bergo ultimate/Bergo multisport - Bela Crkva.jpg","slike 12-22/bergo ultimate","Bergo multisport - Bela Crkva.jpg",800,600,landscape,276
"C:/Miroslav/Antas line/slike 12-22/bergo ultimate/Bergo multisport - Belegis3.jpg","slike 12-22/bergo ultimate","Bergo multisport - Belegis3.jpg",800,600,landscape,146
"C:/Miroslav/Antas line/slike 12-22/bergo ultimate/Bergo multisport - Bezdan.jpg","slike 12-22/bergo ultimate","Bergo multisport - Bezdan.jpg",800,600,landscape,296
"C:/Miroslav/Antas line/slike 12-22/bergo ultimate/Bergo multisport - Despotovac.jpg","slike 12-22/bergo ultimate","Bergo multisport - Despotovac.jpg",800,600,landscape,270
"C:/Miroslav/Antas line/slike 12-22/bergo ultimate/Bergo multisport - Obrenovac.jpg","slike 12-22/bergo ultimate","Bergo multisport - Obrenovac.jpg",800,600,landscape,226
"C:/Miroslav/Antas line/slike 12-22/bergo ultimate/Bergo multisport - Sirig.jpg","slike 12-22/bergo ultimate","Bergo multisport - Sirig.jpg",800,600,landscape,135
"C:/Miroslav/Antas line/slike 12-22/bergo ultimate/Bergo multisport - Slankamen.jpg","slike 12-22/bergo ultimate","Bergo multisport - Slankamen.jpg",800,600,landscape,272
"C:/Miroslav/Antas line/slike 12-22/bergo ultimate/Bergo multisport - Subotica2.jpg","slike 12-22/bergo ultimate","Bergo multisport - Subotica2.jpg",800,600,landscape,139
"C:/Miroslav/Antas line/slike 12-22/bergo ultimate/Bergo multisport vrdnik1.jpg","slike 12-22/bergo ultimate","Bergo multisport vrdnik1.jpg",1280,960,landscape,183
"C:/Miroslav/Antas line/slike 12-22/bergo ultimate/BERGO POMOCNI.jpg","slike 12-22/bergo ultimate","BERGO POMOCNI.jpg",960,720,landscape,249
"C:/Miroslav/Antas line/slike 12-22/bergo ultimate/Bergo tennis 1.jpg","slike 12-22/bergo ultimate","Bergo tennis 1.jpg",800,600,landscape,87
"C:/Miroslav/Antas line/slike 12-22/bergo ultimate/Bergo ultimate plus ploca.jpg","slike 12-22/bergo ultimate","Bergo ultimate plus ploca.jpg",500,500,kvadrat,79
"C:/Miroslav/Antas line/slike 12-22/bergo ultimate/Bergo ultimate plus.jpg","slike 12-22/bergo ultimate","Bergo ultimate plus.jpg",4096,2730,landscape,11598
"C:/Miroslav/Antas line/slike 12-22/bergo ultimate/Bergo ultimate pop tenis.jpg","slike 12-22/bergo ultimate","Bergo ultimate pop tenis.jpg",800,533,landscape,124
"C:/Miroslav/Antas line/slike 12-22/bergo ultimate/Bergoflooring_Ultimate_School Nikola Tesla Banja Luka (3).jpg","slike 12-22/bergo ultimate","Bergoflooring_Ultimate_School Nikola Tesla Banja Luka (3).jpg",3718,2090,landscape,1578
"C:/Miroslav/Antas line/slike 12-22/bergo ultimate/bergo_en14877_logo_black (w106_h111_q85_u) (1).jpg","slike 12-22/bergo ultimate","bergo_en14877_logo_black (w106_h111_q85_u) (1).jpg",106,110,portrait,6
"C:/Miroslav/Antas line/slike 12-22/bergo ultimate/bergo_en14877_logo_black (w106_h111_q85_u).jpg","slike 12-22/bergo ultimate","bergo_en14877_logo_black (w106_h111_q85_u).jpg",106,110,portrait,6
"C:/Miroslav/Antas line/slike 12-22/bergo ultimate/Bergo_Line_strip_Edge_pice_Line_strip_tiles (1).jpg","slike 12-22/bergo ultimate","Bergo_Line_strip_Edge_pice_Line_strip_tiles (1).jpg",4032,3024,landscape,1397
"C:/Miroslav/Antas line/slike 12-22/bergo ultimate/Bergo_Line_strip_Edge_pice_Line_strip_tiles (2).jpg","slike 12-22/bergo ultimate","Bergo_Line_strip_Edge_pice_Line_strip_tiles (2).jpg",4032,3024,landscape,1397
"C:/Miroslav/Antas line/slike 12-22/bergo ultimate/Bergo_Line_strip_Edge_pice_Line_strip_tiles.jpg","slike 12-22/bergo ultimate",Bergo_Line_strip_Edge_pice_Line_strip_tiles.jpg,4032,3024,landscape,1397
"C:/Miroslav/Antas line/slike 12-22/bergo ultimate/Bergo_Ultimate_3x3_GG_OE_Rapla_FI_2.jpg","slike 12-22/bergo ultimate",Bergo_Ultimate_3x3_GG_OE_Rapla_FI_2.jpg,3375,2250,landscape,1295
"C:/Miroslav/Antas line/slike 12-22/bergo ultimate/Bergo_Ultimate_Basketball_3x3.png","slike 12-22/bergo ultimate",Bergo_Ultimate_Basketball_3x3.png,1352,904,landscape,2102
"C:/Miroslav/Antas line/slike 12-22/bergo ultimate/Bergo_Ultimate_DBB German Basketball Federation (14).jpg","slike 12-22/bergo ultimate","Bergo_Ultimate_DBB German Basketball Federation (14).jpg",3000,2000,landscape,1367
"C:/Miroslav/Antas line/slike 12-22/bergo ultimate/Bergo_Ultimate_PLUS_3x3_Yellow_Darkblue.jpg","slike 12-22/bergo ultimate",Bergo_Ultimate_PLUS_3x3_Yellow_Darkblue.jpg,2362,1575,landscape,782
"C:/Miroslav/Antas line/slike 12-22/bergo ultimate/British Internatinal School, Belgrade.jpg","slike 12-22/bergo ultimate","British Internatinal School, Belgrade.jpg",800,600,landscape,235
"C:/Miroslav/Antas line/slike 12-22/bergo ultimate/Challenger Arena/3x3 Belgrade Challenger 1.jpg","slike 12-22/bergo ultimate/Challenger Arena","3x3 Belgrade Challenger 1.jpg",960,640,landscape,173
"C:/Miroslav/Antas line/slike 12-22/bergo ultimate/Challenger Arena/3x3 Belgrade Challenger 10.jpg","slike 12-22/bergo ultimate/Challenger Arena","3x3 Belgrade Challenger 10.jpg",960,640,landscape,203
"C:/Miroslav/Antas line/slike 12-22/bergo ultimate/Challenger Arena/3x3 Belgrade Challenger 11.jpg","slike 12-22/bergo ultimate/Challenger Arena","3x3 Belgrade Challenger 11.jpg",642,960,portrait,135
"C:/Miroslav/Antas line/slike 12-22/bergo ultimate/Challenger Arena/3x3 Belgrade Challenger 12.jpg","slike 12-22/bergo ultimate/Challenger Arena","3x3 Belgrade Challenger 12.jpg",642,960,portrait,160
"C:/Miroslav/Antas line/slike 12-22/bergo ultimate/Challenger Arena/3x3 Belgrade Challenger 13.jpg","slike 12-22/bergo ultimate/Challenger Arena","3x3 Belgrade Challenger 13.jpg",642,960,portrait,174
"C:/Miroslav/Antas line/slike 12-22/bergo ultimate/Challenger Arena/3x3 Belgrade Challenger 14.jpg","slike 12-22/bergo ultimate/Challenger Arena","3x3 Belgrade Challenger 14.jpg",642,960,portrait,173
"C:/Miroslav/Antas line/slike 12-22/bergo ultimate/Challenger Arena/3x3 Belgrade Challenger 15.jpg","slike 12-22/bergo ultimate/Challenger Arena","3x3 Belgrade Challenger 15.jpg",960,640,landscape,177
"C:/Miroslav/Antas line/slike 12-22/bergo ultimate/Challenger Arena/3x3 Belgrade Challenger 2.jpg","slike 12-22/bergo ultimate/Challenger Arena","3x3 Belgrade Challenger 2.jpg",640,960,portrait,180
"C:/Miroslav/Antas line/slike 12-22/bergo ultimate/Challenger Arena/3x3 Belgrade Challenger 3.jpg","slike 12-22/bergo ultimate/Challenger Arena","3x3 Belgrade Challenger 3.jpg",960,640,landscape,209
"C:/Miroslav/Antas line/slike 12-22/bergo ultimate/Challenger Arena/3x3 Belgrade Challenger 4.jpg","slike 12-22/bergo ultimate/Challenger Arena","3x3 Belgrade Challenger 4.jpg",640,960,portrait,221
"C:/Miroslav/Antas line/slike 12-22/bergo ultimate/Challenger Arena/3x3 Belgrade Challenger 7.jpg","slike 12-22/bergo ultimate/Challenger Arena","3x3 Belgrade Challenger 7.jpg",960,640,landscape,183
"C:/Miroslav/Antas line/slike 12-22/bergo ultimate/Challenger Arena/3x3 Belgrade Challenger 8.jpg","slike 12-22/bergo ultimate/Challenger Arena","3x3 Belgrade Challenger 8.jpg",960,640,landscape,205
"C:/Miroslav/Antas line/slike 12-22/bergo ultimate/Challenger Arena/3x3 Belgrade Challenger 800X600.jpg","slike 12-22/bergo ultimate/Challenger Arena","3x3 Belgrade Challenger 800X600.jpg",802,600,landscape,209
"C:/Miroslav/Antas line/slike 12-22/bergo ultimate/Challenger Arena/3x3 Belgrade Challenger 9.jpg","slike 12-22/bergo ultimate/Challenger Arena","3x3 Belgrade Challenger 9.jpg",960,640,landscape,198
"C:/Miroslav/Antas line/slike 12-22/bergo ultimate/Challenger Arena/3x3 Belgrade Challenger glavni teren.jpg","slike 12-22/bergo ultimate/Challenger Arena","3x3 Belgrade Challenger glavni teren.jpg",960,960,kvadrat,283
"C:/Miroslav/Antas line/slike 12-22/bergo ultimate/Challenger Arena/3x3 Belgrade Challenger pomocni teren.jpg","slike 12-22/bergo ultimate/Challenger Arena","3x3 Belgrade Challenger pomocni teren.jpg",960,960,kvadrat,260
"C:/Miroslav/Antas line/slike 12-22/bergo ultimate/Challenger Arena/3x3 Belgrade.jpg","slike 12-22/bergo ultimate/Challenger Arena","3x3 Belgrade.jpg",960,960,kvadrat,432
"C:/Miroslav/Antas line/slike 12-22/bergo ultimate/Challenger Arena/Bulut.jpg","slike 12-22/bergo ultimate/Challenger Arena",Bulut.jpg,960,640,landscape,221
"C:/Miroslav/Antas line/slike 12-22/bergo ultimate/Challenger Arena/Challenger 1.jpg","slike 12-22/bergo ultimate/Challenger Arena","Challenger 1.jpg",960,640,landscape,216
"C:/Miroslav/Antas line/slike 12-22/bergo ultimate/Challenger Arena/Challenger 2.jpg","slike 12-22/bergo ultimate/Challenger Arena","Challenger 2.jpg",800,800,kvadrat,363
"C:/Miroslav/Antas line/slike 12-22/bergo ultimate/Challenger Arena/Challenger 5.jpg","slike 12-22/bergo ultimate/Challenger Arena","Challenger 5.jpg",960,554,landscape,148
"C:/Miroslav/Antas line/slike 12-22/bergo ultimate/Challenger Arena/Challenger 6.jpg","slike 12-22/bergo ultimate/Challenger Arena","Challenger 6.jpg",960,651,landscape,130
"C:/Miroslav/Antas line/slike 12-22/bergo ultimate/Dom Ucenika Patrijarh Pavle 2 - Bergo tenis.jpg","slike 12-22/bergo ultimate","Dom Ucenika Patrijarh Pavle 2 - Bergo tenis.jpg",800,600,landscape,191
"C:/Miroslav/Antas line/slike 12-22/bergo ultimate/fiba logo.jpg","slike 12-22/bergo ultimate","fiba logo.jpg",89,182,portrait,7
"C:/Miroslav/Antas line/slike 12-22/bergo ultimate/fiba_e-v_full_colour_port_approved-equipment_vecto (w89_h184_q85_u).jpg","slike 12-22/bergo ultimate","fiba_e-v_full_colour_port_approved-equipment_vecto (w89_h184_q85_u).jpg",89,182,portrait,7
"C:/Miroslav/Antas line/slike 12-22/bergo ultimate/Final 3x3 Graz.jpg","slike 12-22/bergo ultimate","Final 3x3 Graz.jpg",1000,667,landscape,200
"C:/Miroslav/Antas line/slike 12-22/bergo ultimate/Galerija 3.jpg","slike 12-22/bergo ultimate","Galerija 3.jpg",1440,1191,landscape,265
"C:/Miroslav/Antas line/slike 12-22/bergo ultimate/Galerja 2.jpg","slike 12-22/bergo ultimate","Galerja 2.jpg",1440,1191,landscape,191
"C:/Miroslav/Antas line/slike 12-22/bergo ultimate/Graz final 3x3 cup 2022-2.jpg","slike 12-22/bergo ultimate","Graz final 3x3 cup 2022-2.jpg",1000,667,landscape,200
"C:/Miroslav/Antas line/slike 12-22/bergo ultimate/Graz final 3x3 cup 2022.jpg","slike 12-22/bergo ultimate","Graz final 3x3 cup 2022.jpg",1600,1200,landscape,244
"C:/Miroslav/Antas line/slike 12-22/bergo ultimate/Inline hokej.jpg","slike 12-22/bergo ultimate","Inline hokej.jpg",960,428,landscape,80
"C:/Miroslav/Antas line/slike 12-22/bergo ultimate/Inline hokej2.jpg","slike 12-22/bergo ultimate","Inline hokej2.jpg",960,640,landscape,134
"C:/Miroslav/Antas line/slike 12-22/bergo ultimate/Inline hokej3.jpg","slike 12-22/bergo ultimate","Inline hokej3.jpg",2215,1476,landscape,524
"C:/Miroslav/Antas line/slike 12-22/bergo ultimate/itf_classified-court-pace_5fast_colour (w99_h99_q85_u).jpg","slike 12-22/bergo ultimate","itf_classified-court-pace_5fast_colour (w99_h99_q85_u).jpg",99,99,kvadrat,4
"C:/Miroslav/Antas line/slike 12-22/bergo ultimate/kosmaj teren za tenis2.jpg","slike 12-22/bergo ultimate","kosmaj teren za tenis2.jpg",1600,1200,landscape,245
"C:/Miroslav/Antas line/slike 12-22/bergo ultimate/kosmaj teren za tenis3.jpg","slike 12-22/bergo ultimate","kosmaj teren za tenis3.jpg",1600,1600,kvadrat,244
"C:/Miroslav/Antas line/slike 12-22/bergo ultimate/Multisport subotica.jpg","slike 12-22/bergo ultimate","Multisport subotica.jpg",1600,1010,landscape,222
"C:/Miroslav/Antas line/slike 12-22/bergo ultimate/OS Josif Pancic - teren za basket.jpg","slike 12-22/bergo ultimate","OS Josif Pancic - teren za basket.jpg",800,600,landscape,229
"C:/Miroslav/Antas line/slike 12-22/bergo ultimate/OS Jovan Cvijic.jpg","slike 12-22/bergo ultimate","OS Jovan Cvijic.jpg",800,600,landscape,197
"C:/Miroslav/Antas line/slike 12-22/bergo ultimate/OŠ Jovan Cvijić.jpg","slike 12-22/bergo ultimate","OŠ Jovan Cvijić.jpg",1600,900,landscape,381
"C:/Miroslav/Antas line/slike 12-22/bergo ultimate/Privatni teren Cacak - Multisport (1).jpg","slike 12-22/bergo ultimate","Privatni teren Cacak - Multisport (1).jpg",1280,960,landscape,156
"C:/Miroslav/Antas line/slike 12-22/bergo ultimate/spanoulis court Beograd RESIZE.jpg","slike 12-22/bergo ultimate","spanoulis court Beograd RESIZE.jpg",959,377,landscape,379
"C:/Miroslav/Antas line/slike 12-22/bergo ultimate/Spanoulis court Beograd.jpg","slike 12-22/bergo ultimate","Spanoulis court Beograd.jpg",960,641,landscape,172
"C:/Miroslav/Antas line/slike 12-22/bergo ultimate/TC Galerija - Beograd.jpg","slike 12-22/bergo ultimate","TC Galerija - Beograd.jpg",800,600,landscape,181
"C:/Miroslav/Antas line/slike 12-22/bergo ultimate/Teren 3x3 - Drinska bajka Bajina Basta.jpg","slike 12-22/bergo ultimate","Teren 3x3 - Drinska bajka Bajina Basta.jpg",1080,1080,kvadrat,344
"C:/Miroslav/Antas line/slike 12-22/bergo ultimate/Teren 3x3 - Irig.jpg","slike 12-22/bergo ultimate","Teren 3x3 - Irig.jpg",800,600,landscape,206
"C:/Miroslav/Antas line/slike 12-22/bergo ultimate/Teren 3x3 - Užička Beograd.jpg","slike 12-22/bergo ultimate","Teren 3x3 - Užička Beograd.jpg",700,525,landscape,218
"C:/Miroslav/Antas line/slike 12-22/bergo ultimate/Teren 3x3 - Vrdnik.jpg","slike 12-22/bergo ultimate","Teren 3x3 - Vrdnik.jpg",800,600,landscape,221
"C:/Miroslav/Antas line/slike 12-22/bergo ultimate/Teren 3x3 15x11- Jakovo.jpg","slike 12-22/bergo ultimate","Teren 3x3 15x11- Jakovo.jpg",800,600,landscape,110
"C:/Miroslav/Antas line/slike 12-22/bergo ultimate/Teren 3x3 16x11 - Zlatibor.jpg","slike 12-22/bergo ultimate","Teren 3x3 16x11 - Zlatibor.jpg",800,600,landscape,172
"C:/Miroslav/Antas line/slike 12-22/bergo ultimate/teren Jokic.jpg","slike 12-22/bergo ultimate","teren Jokic.jpg",800,745,landscape,315
"C:/Miroslav/Antas line/slike 12-22/bergo ultimate/teren Kragujevac.jpg","slike 12-22/bergo ultimate","teren Kragujevac.jpg",1600,1200,landscape,237
"C:/Miroslav/Antas line/slike 12-22/bergo ultimate/Teren Multi - Belegis.jpg","slike 12-22/bergo ultimate","Teren Multi - Belegis.jpg",1200,583,landscape,253
"C:/Miroslav/Antas line/slike 12-22/bergo ultimate/Teren Tara 2022.jpg","slike 12-22/bergo ultimate","Teren Tara 2022.jpg",1600,1200,landscape,247
"C:/Miroslav/Antas line/slike 12-22/bergo ultimate/teren za basket u dvoristu.jpg","slike 12-22/bergo ultimate","teren za basket u dvoristu.jpg",4608,3456,landscape,2714
"C:/Miroslav/Antas line/slike 12-22/bergo ultimate/teren za basket u dvoristu2.jpg","slike 12-22/bergo ultimate","teren za basket u dvoristu2.jpg",800,600,landscape,240
"C:/Miroslav/Antas line/slike 12-22/bergo ultimate/teren za basket.jpg","slike 12-22/bergo ultimate","teren za basket.jpg",1600,720,landscape,240
"C:/Miroslav/Antas line/slike 12-22/bergo ultimate/teren za kosarku.jpg","slike 12-22/bergo ultimate","teren za kosarku.jpg",1600,721,landscape,235
"C:/Miroslav/Antas line/slike 12-22/bergo ultimate/teren za ogradom Barajevo.jpg","slike 12-22/bergo ultimate","teren za ogradom Barajevo.jpg",800,600,landscape,153
"C:/Miroslav/Antas line/slike 12-22/bergo ultimate/TERENI ADA.jpg","slike 12-22/bergo ultimate","TERENI ADA.jpg",695,521,landscape,157
"C:/Miroslav/Antas line/slike 12-22/bergo ultimate/Tereni Backa Palanka.jpg","slike 12-22/bergo ultimate","Tereni Backa Palanka.jpg",1600,721,landscape,212
"C:/Miroslav/Antas line/slike 12-22/ecotile industrija/adient 2.jpg","slike 12-22/ecotile industrija","adient 2.jpg",2016,1512,landscape,994
"C:/Miroslav/Antas line/slike 12-22/ecotile industrija/adient 3.jpg","slike 12-22/ecotile industrija","adient 3.jpg",2268,3024,portrait,1952
"C:/Miroslav/Antas line/slike 12-22/ecotile industrija/adient 4.jpg","slike 12-22/ecotile industrija","adient 4.jpg",2268,3024,portrait,1878
"C:/Miroslav/Antas line/slike 12-22/ecotile industrija/AIK Backa Topola 10mm.jpg","slike 12-22/ecotile industrija","AIK Backa Topola 10mm.jpg",800,600,landscape,136
"C:/Miroslav/Antas line/slike 12-22/ecotile industrija/AIK Bačka Topola.jpg","slike 12-22/ecotile industrija","AIK Bačka Topola.jpg",2016,1512,landscape,878
"C:/Miroslav/Antas line/slike 12-22/ecotile industrija/Auto industrija - Adient Kragujevac.jpg","slike 12-22/ecotile industrija","Auto industrija - Adient Kragujevac.jpg",960,960,kvadrat,112
"C:/Miroslav/Antas line/slike 12-22/ecotile industrija/ecotile 500 7 epson.jpg","slike 12-22/ecotile industrija","ecotile 500 7 epson.jpg",799,533,landscape,150
"C:/Miroslav/Antas line/slike 12-22/ecotile industrija/Ecotile 500 7 plava i siva.jpg","slike 12-22/ecotile industrija","Ecotile 500 7 plava i siva.jpg",960,720,landscape,88
"C:/Miroslav/Antas line/slike 12-22/ecotile industrija/Ecotile 500-7 magacin5.jpg","slike 12-22/ecotile industrija","Ecotile 500-7 magacin5.jpg",1280,960,landscape,176
"C:/Miroslav/Antas line/slike 12-22/ecotile industrija/ecotile 500-7 magacin6.jpg","slike 12-22/ecotile industrija","ecotile 500-7 magacin6.jpg",1280,960,landscape,214
"C:/Miroslav/Antas line/slike 12-22/ecotile industrija/ecotile 500-7 magacin7.jpg","slike 12-22/ecotile industrija","ecotile 500-7 magacin7.jpg",1280,960,landscape,249
"C:/Miroslav/Antas line/slike 12-22/ecotile industrija/ecotile 500-7 magacin8.jpg","slike 12-22/ecotile industrija","ecotile 500-7 magacin8.jpg",1280,960,landscape,158
"C:/Miroslav/Antas line/slike 12-22/ecotile industrija/ecotile magacin.jpg","slike 12-22/ecotile industrija","ecotile magacin.jpg",639,960,portrait,94
"C:/Miroslav/Antas line/slike 12-22/ecotile industrija/Ecotile sa printom 2.jpg","slike 12-22/ecotile industrija","Ecotile sa printom 2.jpg",1080,1080,kvadrat,136
"C:/Miroslav/Antas line/slike 12-22/ecotile industrija/Ecotile sa printom 3.jpg","slike 12-22/ecotile industrija","Ecotile sa printom 3.jpg",1080,1444,portrait,433
"C:/Miroslav/Antas line/slike 12-22/ecotile industrija/ecotilie 15-3-13_0128.jpg","slike 12-22/ecotile industrija","ecotilie 15-3-13_0128.jpg",7000,2884,landscape,1182
"C:/Miroslav/Antas line/slike 12-22/ecotile industrija/ecotilie 15-3-13_0132.jpg","slike 12-22/ecotile industrija","ecotilie 15-3-13_0132.jpg",4912,4912,kvadrat,602
"C:/Miroslav/Antas line/slike 12-22/ecotile industrija/ecotilie 15-3-13_0190.jpg","slike 12-22/ecotile industrija","ecotilie 15-3-13_0190.jpg",7360,4816,landscape,1820
"C:/Miroslav/Antas line/slike 12-22/ecotile industrija/ecotilie boje (2).jpg","slike 12-22/ecotile industrija","ecotilie boje (2).jpg",6840,4278,landscape,805
"C:/Miroslav/Antas line/slike 12-22/ecotile industrija/ecotilie boje.jpg","slike 12-22/ecotile industrija","ecotilie boje.jpg",700,289,landscape,73
"C:/Miroslav/Antas line/slike 12-22/ecotile industrija/Eurozait Sremska Mitrovica.jpg","slike 12-22/ecotile industrija","Eurozait Sremska Mitrovica.jpg",3264,2448,landscape,1947
"C:/Miroslav/Antas line/slike 12-22/ecotile industrija/fabrika guma Hankook - Ecotile 10mm.jpg","slike 12-22/ecotile industrija","fabrika guma Hankook - Ecotile 10mm.jpg",960,720,landscape,118
"C:/Miroslav/Antas line/slike 12-22/ecotile industrija/Fabrika lk armatur Zrenjanin.jpg","slike 12-22/ecotile industrija","Fabrika lk armatur Zrenjanin.jpg",800,600,landscape,143
"C:/Miroslav/Antas line/slike 12-22/ecotile industrija/Farmaceutska firma - Amicus Beograd.jpg","slike 12-22/ecotile industrija","Farmaceutska firma - Amicus Beograd.jpg",800,600,landscape,134
"C:/Miroslav/Antas line/slike 12-22/ecotile industrija/Farmalogist DC Nis.jpg","slike 12-22/ecotile industrija","Farmalogist DC Nis.jpg",1200,1600,portrait,219
"C:/Miroslav/Antas line/slike 12-22/ecotile industrija/Hollywood-Monster.jpg","slike 12-22/ecotile industrija",Hollywood-Monster.jpg,773,271,landscape,48
"C:/Miroslav/Antas line/slike 12-22/ecotile industrija/Industrijski podovi Ecotile u proizvodnji.jpeg","slike 12-22/ecotile industrija","Industrijski podovi Ecotile u proizvodnji.jpeg",835,626,landscape,136
"C:/Miroslav/Antas line/slike 12-22/ecotile industrija/Inst  za Nuklearne nauke Vinča  (3).jpg","slike 12-22/ecotile industrija","Inst  za Nuklearne nauke Vinča  (3).jpg",960,1280,portrait,100
"C:/Miroslav/Antas line/slike 12-22/ecotile industrija/Inst  za Nuklearne nauke Vinča  (7).jpg","slike 12-22/ecotile industrija","Inst  za Nuklearne nauke Vinča  (7).jpg",720,960,portrait,76
"C:/Miroslav/Antas line/slike 12-22/ecotile industrija/Magacin 500 7 Siva 2.png","slike 12-22/ecotile industrija","Magacin 500 7 Siva 2.png",960,720,landscape,98
"C:/Miroslav/Antas line/slike 12-22/ecotile industrija/magacin podovi.jpg","slike 12-22/ecotile industrija","magacin podovi.jpg",749,500,landscape,246
"C:/Miroslav/Antas line/slike 12-22/ecotile industrija/montaža mup1.jpg","slike 12-22/ecotile industrija","montaža mup1.jpg",2976,3968,portrait,5556
"C:/Miroslav/Antas line/slike 12-22/ecotile industrija/orion telekom (2).JPG","slike 12-22/ecotile industrija","orion telekom (2).JPG",960,1280,portrait,175
"C:/Miroslav/Antas line/slike 12-22/ecotile industrija/orion telekom.JPG","slike 12-22/ecotile industrija","orion telekom.JPG",1224,1632,portrait,293
"C:/Miroslav/Antas line/slike 12-22/ecotile industrija/pakeraj.jpg","slike 12-22/ecotile industrija",pakeraj.jpg,720,541,landscape,77
"C:/Miroslav/Antas line/slike 12-22/ecotile industrija/Prestige Beograd.jpg","slike 12-22/ecotile industrija","Prestige Beograd.jpg",640,480,landscape,82
"C:/Miroslav/Antas line/slike 12-22/ecotile industrija/prestige slike 2.jpg","slike 12-22/ecotile industrija","prestige slike 2.jpg",640,480,landscape,70
"C:/Miroslav/Antas line/slike 12-22/ecotile industrija/prestige slike montaza.jpg","slike 12-22/ecotile industrija","prestige slike montaza.jpg",756,1008,portrait,196
"C:/Miroslav/Antas line/slike 12-22/ecotile industrija/Proizvodnja 500 7.jpg","slike 12-22/ecotile industrija","Proizvodnja 500 7.jpg",800,600,landscape,144
"C:/Miroslav/Antas line/slike 12-22/ecotile industrija/stamparija borba.jpg","slike 12-22/ecotile industrija","stamparija borba.jpg",1600,900,landscape,220
"C:/Miroslav/Antas line/slike 12-22/ecotile industrija/Tuli Vrsac - montaza na ostecen epoksidni pod - mala.jpg","slike 12-22/ecotile industrija","Tuli Vrsac - montaza na ostecen epoksidni pod - mala.jpg",711,400,landscape,86
"C:/Miroslav/Antas line/slike 12-22/ecotile industrija/Tuli Vrsac - montaza na ostecen epoksidni pod.jpg","slike 12-22/ecotile industrija","Tuli Vrsac - montaza na ostecen epoksidni pod.jpg",1328,747,landscape,240
"C:/Miroslav/Antas line/slike 12-22/esd antistatik/Ecotile ESD montaza, Quectel Beograd.jpg","slike 12-22/esd antistatik","Ecotile ESD montaza, Quectel Beograd.jpg",1600,721,landscape,187
"C:/Miroslav/Antas line/slike 12-22/esd antistatik/Ecotile ESD, Quectel Beograd (2).jpg","slike 12-22/esd antistatik","Ecotile ESD, Quectel Beograd (2).jpg",720,1600,portrait,100
"C:/Miroslav/Antas line/slike 12-22/esd antistatik/Ecotile ESD, Quectel Beograd.jpg","slike 12-22/esd antistatik","Ecotile ESD, Quectel Beograd.jpg",1600,720,landscape,137
"C:/Miroslav/Antas line/slike 12-22/esd antistatik/HTEC ESD/HTEC - Nis 2.jpg","slike 12-22/esd antistatik/HTEC ESD","HTEC - Nis 2.jpg",1600,720,landscape,145
"C:/Miroslav/Antas line/slike 12-22/esd antistatik/HTEC ESD/HTEC Nis - ED podloga.jpg","slike 12-22/esd antistatik/HTEC ESD","HTEC Nis - ED podloga.jpg",1600,721,landscape,129
"C:/Miroslav/Antas line/slike 12-22/esd antistatik/HTEC ESD/HTEC Nis - ESD podloga.jpg","slike 12-22/esd antistatik/HTEC ESD","HTEC Nis - ESD podloga.jpg",1600,721,landscape,129
"C:/Miroslav/Antas line/slike 12-22/esd antistatik/HTEC ESD/HTEC Nis - montaza ESD podloge.jpg","slike 12-22/esd antistatik/HTEC ESD","HTEC Nis - montaza ESD podloge.jpg",1600,721,landscape,128
"C:/Miroslav/Antas line/slike 12-22/esd antistatik/HTEC ESD/viber_image_2022-11-12_08-23-34-450.jpg","slike 12-22/esd antistatik/HTEC ESD",viber_image_2022-11-12_08-23-34-450.jpg,1600,720,landscape,106
"C:/Miroslav/Antas line/slike 12-22/esd antistatik/HTEC ESD/viber_image_2022-11-12_08-23-34-498.jpg","slike 12-22/esd antistatik/HTEC ESD",viber_image_2022-11-12_08-23-34-498.jpg,1600,721,landscape,106
"C:/Miroslav/Antas line/slike 12-22/esd antistatik/HTEC ESD/viber_image_2022-11-12_08-23-34-908.jpg","slike 12-22/esd antistatik/HTEC ESD",viber_image_2022-11-12_08-23-34-908.jpg,1600,721,landscape,157
"C:/Miroslav/Antas line/slike 12-22/esd antistatik/Paxton-1.jpg","slike 12-22/esd antistatik",Paxton-1.jpg,980,735,landscape,264
"C:/Miroslav/Antas line/stampa-logotipa-na-podu.jpg",.,stampa-logotipa-na-podu.jpg,450,450,kvadrat,67
"C:/Miroslav/Antas line/teniski-teren-od-sljake.jpg",.,teniski-teren-od-sljake.jpg,1024,576,landscape,239
"C:/Miroslav/Antas line/teniski-teren-od-vestacke-trave.jpg",.,teniski-teren-od-vestacke-trave.jpg,1024,576,landscape,160
"C:/Miroslav/Antas line/teniskki-teren-beton.jpg",.,teniskki-teren-beton.jpg,1024,576,landscape,98
"C:/Miroslav/Antas line/tereni-kolaz.jpg",.,tereni-kolaz.jpg,1600,300,landscape,136
"C:/Miroslav/Antas line/tfidf/screencapture-freetools-seobility-net-en-tf-idf-keyword-tool-check-2021-12-21-08_40_35.png",tfidf,screencapture-freetools-seobility-net-en-tf-idf-keyword-tool-check-2021-12-21-08_40_35.png,1920,4052,portrait,911
"C:/Miroslav/Antas line/vestacka-trava.jpg",.,vestacka-trava.jpg,458,307,landscape,50
"C:/Miroslav/Antas line/video1.jpg",.,video1.jpg,556,313,landscape,49
"C:/Miroslav/Antas Line priprema za sajt/!na sajt/18001_ohsas.webp","!na sajt",18001_ohsas.webp,200,200,kvadrat,14
"C:/Miroslav/Antas Line priprema za sajt/!na sajt/61+fzh4pm2L._SL1006_.jpg","!na sajt",61+fzh4pm2L._SL1006_.jpg,1006,997,landscape,65
"C:/Miroslav/Antas Line priprema za sajt/!na sajt/BERGO brendirani pod.jpg","!na sajt","BERGO brendirani pod.jpg",896,576,landscape,141
"C:/Miroslav/Antas Line priprema za sajt/!na sajt/bergo easy/Bergo-easy-podloga-za-izlozbene-prostore.jpg","!na sajt/bergo easy",Bergo-easy-podloga-za-izlozbene-prostore.jpg,700,450,landscape,104
"C:/Miroslav/Antas Line priprema za sajt/!na sajt/bergo easy/bergo_easy_metalgrey_front.jpg","!na sajt/bergo easy",bergo_easy_metalgrey_front.jpg,300,301,portrait,38
"C:/Miroslav/Antas Line priprema za sajt/!na sajt/bergo easy/podloge-za-sajmove.jpg","!na sajt/bergo easy",podloge-za-sajmove.jpg,788,322,landscape,74
"C:/Miroslav/Antas Line priprema za sajt/!na sajt/BERGO Easy podloga za kafic.jpg","!na sajt","BERGO Easy podloga za kafic.jpg",700,450,landscape,81
"C:/Miroslav/Antas Line priprema za sajt/!na sajt/BERGO Easy podloga za sajam automobila.jpg","!na sajt","BERGO Easy podloga za sajam automobila.jpg",700,450,landscape,61
"C:/Miroslav/Antas Line priprema za sajt/!na sajt/BERGO Easy Podloga za sajmove automobila.jpg","!na sajt","BERGO Easy Podloga za sajmove automobila.jpg",600,600,kvadrat,72
"C:/Miroslav/Antas Line priprema za sajt/!na sajt/bergo elite/Bergo-elite-podne-ploce-za-terase1.jpg","!na sajt/bergo elite",Bergo-elite-podne-ploce-za-terase1.jpg,250,161,landscape,21
"C:/Miroslav/Antas Line priprema za sajt/!na sajt/bergo elite/Bergo-elite-podne-ploce-za-terase2.jpg","!na sajt/bergo elite",Bergo-elite-podne-ploce-za-terase2.jpg,250,161,landscape,20
"C:/Miroslav/Antas Line priprema za sajt/!na sajt/bergo elite/Bergo-elite-podne-ploce-za-terase3.jpg","!na sajt/bergo elite",Bergo-elite-podne-ploce-za-terase3.jpg,300,300,kvadrat,28
"C:/Miroslav/Antas Line priprema za sajt/!na sajt/bergo elite/Bergo-elite-podne-ploce-za-terase4.jpg","!na sajt/bergo elite",Bergo-elite-podne-ploce-za-terase4.jpg,250,161,landscape,3
"C:/Miroslav/Antas Line priprema za sajt/!na sajt/bergo elite/Bergo-elite-podne-ploce-za-terase5.jpg","!na sajt/bergo elite",Bergo-elite-podne-ploce-za-terase5.jpg,250,161,landscape,4
"C:/Miroslav/Antas Line priprema za sajt/!na sajt/bergo elite/Bergo-elite-podne-ploce-za-terase6.jpg","!na sajt/bergo elite",Bergo-elite-podne-ploce-za-terase6.jpg,250,161,landscape,8
"C:/Miroslav/Antas Line priprema za sajt/!na sajt/bergo elite/Bergo-elite-podne-ploce-za-terase7.jpg","!na sajt/bergo elite",Bergo-elite-podne-ploce-za-terase7.jpg,250,161,landscape,16
"C:/Miroslav/Antas Line priprema za sajt/!na sajt/bergo elite/Bergo_Elite-(3).jpg","!na sajt/bergo elite",Bergo_Elite-(3).jpg,210,145,landscape,17
"C:/Miroslav/Antas Line priprema za sajt/!na sajt/bergo elite/Bergo_elite_sienna.jpg","!na sajt/bergo elite",Bergo_elite_sienna.jpg,210,145,landscape,16
"C:/Miroslav/Antas Line priprema za sajt/!na sajt/bergo elite/dachgarten_1.jpg","!na sajt/bergo elite",dachgarten_1.jpg,210,145,landscape,20
"C:/Miroslav/Antas Line priprema za sajt/!na sajt/bergo elite/elite_terrasse_2_farben_2.jpg","!na sajt/bergo elite",elite_terrasse_2_farben_2.jpg,210,145,landscape,16
"C:/Miroslav/Antas Line priprema za sajt/!na sajt/bergo elite/podne-obloge-elite-12.jpg","!na sajt/bergo elite",podne-obloge-elite-12.jpg,250,161,landscape,36
"C:/Miroslav/Antas Line priprema za sajt/!na sajt/bergo elite/podne-obloge-elite-5.jpg","!na sajt/bergo elite",podne-obloge-elite-5.jpg,250,161,landscape,18
"C:/Miroslav/Antas Line priprema za sajt/!na sajt/bergo elite/podne-obloge-elite-6.jpg","!na sajt/bergo elite",podne-obloge-elite-6.jpg,250,161,landscape,23
"C:/Miroslav/Antas Line priprema za sajt/!na sajt/bergo elite/podne-obloge-elite-8.jpg","!na sajt/bergo elite",podne-obloge-elite-8.jpg,250,161,landscape,22
"C:/Miroslav/Antas Line priprema za sajt/!na sajt/Bergo Unique/BERGO-Unique.png","!na sajt/Bergo Unique",BERGO-Unique.png,300,306,portrait,56
"C:/Miroslav/Antas Line priprema za sajt/!na sajt/Bergo Unique/Bergo_Elite (2).jpg","!na sajt/Bergo Unique","Bergo_Elite (2).jpg",3872,2592,landscape,1002
"C:/Miroslav/Antas Line priprema za sajt/!na sajt/Bergo Unique/Bergo_Public_Tiles.jpg","!na sajt/Bergo Unique",Bergo_Public_Tiles.jpg,4500,3000,landscape,3480
"C:/Miroslav/Antas Line priprema za sajt/!na sajt/Bergo Unique/Bergo_Unique (6).jpg","!na sajt/Bergo Unique","Bergo_Unique (6).jpg",3872,2592,landscape,1419
"C:/Miroslav/Antas Line priprema za sajt/!na sajt/Bergo Unique/Bergo_XL_steelblue_stonegrey_edgestrip.jpg","!na sajt/Bergo Unique",Bergo_XL_steelblue_stonegrey_edgestrip.jpg,494,659,portrait,53
"C:/Miroslav/Antas Line priprema za sajt/!na sajt/Bergo Unique/neklizajuce-podloge-oko-bazena.jpg","!na sajt/Bergo Unique",neklizajuce-podloge-oko-bazena.jpg,800,500,landscape,178
"C:/Miroslav/Antas Line priprema za sajt/!na sajt/Bergo Unique/neklizajuce-podloge-za-bazene.jpg","!na sajt/Bergo Unique",neklizajuce-podloge-za-bazene.jpg,800,500,landscape,170
"C:/Miroslav/Antas Line priprema za sajt/!na sajt/Bergo Unique/podloge-za-bastu.jpg","!na sajt/Bergo Unique",podloge-za-bastu.jpg,800,500,landscape,289
"C:/Miroslav/Antas Line priprema za sajt/!na sajt/Bergo Unique/podloge-za-dvoriste.jpg","!na sajt/Bergo Unique",podloge-za-dvoriste.jpg,800,500,landscape,257
"C:/Miroslav/Antas Line priprema za sajt/!na sajt/Bergo Unique/podloge-za-terase.jpg","!na sajt/Bergo Unique",podloge-za-terase.jpg,800,500,landscape,301
"C:/Miroslav/Antas Line priprema za sajt/!na sajt/Bergo Unique/podovi-za-terase-i-dvoriste.jpg","!na sajt/Bergo Unique",podovi-za-terase-i-dvoriste.jpg,800,500,landscape,246
"C:/Miroslav/Antas Line priprema za sajt/!na sajt/Bergo Unique/podovi-za-terase-kafica.jpg","!na sajt/Bergo Unique",podovi-za-terase-kafica.jpg,800,500,landscape,267
"C:/Miroslav/Antas Line priprema za sajt/!na sajt/Bergo Unique/podovi-za-terase.jpg","!na sajt/Bergo Unique",podovi-za-terase.jpg,800,500,landscape,230
"C:/Miroslav/Antas Line priprema za sajt/!na sajt/Bergo Unique/San Remo.jpg","!na sajt/Bergo Unique","San Remo.jpg",692,519,landscape,76
"C:/Miroslav/Antas Line priprema za sajt/!na sajt/Bergo Unique/Standardne-boje-Unique.jpg","!na sajt/Bergo Unique",Standardne-boje-Unique.jpg,806,123,landscape,17
"C:/Miroslav/Antas Line priprema za sajt/!na sajt/Bergo-easy-podloga-za-izlozbene-prostore.jpg","!na sajt",Bergo-easy-podloga-za-izlozbene-prostore.jpg,700,450,landscape,332
"C:/Miroslav/Antas Line priprema za sajt/!na sajt/Bergo-Easy-podloga-za-izlozbeni-prostor.jpg","!na sajt",Bergo-Easy-podloga-za-izlozbeni-prostor.jpg,700,450,landscape,324
"C:/Miroslav/Antas Line priprema za sajt/!na sajt/BERGO-Easy-podloge-za-automobile-na-sajmu.jpg","!na sajt",BERGO-Easy-podloge-za-automobile-na-sajmu.jpg,700,450,landscape,215
"C:/Miroslav/Antas Line priprema za sajt/!na sajt/Boje za Easy.png","!na sajt","Boje za Easy.png",752,254,landscape,12
"C:/Miroslav/Antas Line priprema za sajt/!na sajt/fallback.png","!na sajt",fallback.png,549,409,landscape,123
"C:/Miroslav/Antas Line priprema za sajt/!na sajt/multisport/Bergo-multisport.png","!na sajt/multisport",Bergo-multisport.png,300,325,portrait,153
"C:/Miroslav/Antas Line priprema za sajt/!na sajt/multisport/kosarkaski-teren.jpg","!na sajt/multisport",kosarkaski-teren.jpg,800,500,landscape,406
"C:/Miroslav/Antas Line priprema za sajt/!na sajt/multisport/sala-za-kosarku.jpg","!na sajt/multisport",sala-za-kosarku.jpg,800,500,landscape,211
"C:/Miroslav/Antas Line priprema za sajt/!na sajt/multisport/Standardne-boje.jpg","!na sajt/multisport",Standardne-boje.jpg,870,367,landscape,32
"C:/Miroslav/Antas Line priprema za sajt/!na sajt/multisport/teren-za-basket-3-na3.jpg","!na sajt/multisport",teren-za-basket-3-na3.jpg,800,500,landscape,266
"C:/Miroslav/Antas Line priprema za sajt/!na sajt/multisport/teren-za-basket.jpg","!na sajt/multisport",teren-za-basket.jpg,800,500,landscape,298
"C:/Miroslav/Antas Line priprema za sajt/!na sajt/multisport/teren-za-fudbal-i-odbojku.jpg","!na sajt/multisport",teren-za-fudbal-i-odbojku.jpg,800,500,landscape,469
"C:/Miroslav/Antas Line priprema za sajt/!na sajt/multisport/teren-za-fudbal-i-sport.jpg","!na sajt/multisport",teren-za-fudbal-i-sport.jpg,800,500,landscape,425
"C:/Miroslav/Antas Line priprema za sajt/!na sajt/multisport/teren-za-kosarku-zlatibor-maxima.jpg","!na sajt/multisport",teren-za-kosarku-zlatibor-maxima.jpg,800,500,landscape,322
"C:/Miroslav/Antas Line priprema za sajt/!na sajt/multisport/teren-za-kosarku.jpg","!na sajt/multisport",teren-za-kosarku.jpg,414,259,landscape,112
"C:/Miroslav/Antas Line priprema za sajt/!na sajt/multisport/teren-za-mali-fudbal.jpg","!na sajt/multisport",teren-za-mali-fudbal.jpg,788,492,landscape,352
"C:/Miroslav/Antas Line priprema za sajt/!na sajt/multisport/teren-za-odbojku.jpg","!na sajt/multisport",teren-za-odbojku.jpg,800,500,landscape,317
"C:/Miroslav/Antas Line priprema za sajt/!na sajt/multisport/teren-za-rukomet.png","!na sajt/multisport",teren-za-rukomet.png,800,500,landscape,775
"C:/Miroslav/Antas Line priprema za sajt/!na sajt/multisport/teren-za-tenis-i-kosarkaski-teren.jpg","!na sajt/multisport",teren-za-tenis-i-kosarkaski-teren.jpg,800,500,landscape,367
"C:/Miroslav/Antas Line priprema za sajt/!na sajt/Pod na standu motora.jpg","!na sajt","Pod na standu motora.jpg",700,450,landscape,99
"C:/Miroslav/Antas Line priprema za sajt/!na sajt/Pod-na-standu-motora.jpg","!na sajt",Pod-na-standu-motora.jpg,700,450,landscape,173
"C:/Miroslav/Antas Line priprema za sajt/!na sajt/podloge-za-sajmove-i-promocije.jpg","!na sajt",podloge-za-sajmove-i-promocije.jpg,750,483,landscape,245
"C:/Miroslav/Antas Line priprema za sajt/!na sajt/Promocija Audi Bergo Easy.jpg","!na sajt","Promocija Audi Bergo Easy.jpg",700,450,landscape,67
"C:/Miroslav/Antas Line priprema za sajt/!na sajt/soft/bazen-podovi.jpg","!na sajt/soft",bazen-podovi.jpg,800,500,landscape,117
"C:/Miroslav/Antas Line priprema za sajt/!na sajt/soft/bergo-Soft-tile.jpg","!na sajt/soft",bergo-Soft-tile.jpg,300,309,portrait,38
"C:/Miroslav/Antas Line priprema za sajt/!na sajt/soft/fda-appruved.png","!na sajt/soft",fda-appruved.png,234,192,landscape,16
"C:/Miroslav/Antas Line priprema za sajt/!na sajt/soft/neklizajuce-podloge.jpg","!na sajt/soft",neklizajuce-podloge.jpg,800,500,landscape,107
"C:/Miroslav/Antas Line priprema za sajt/!na sajt/soft/neklzajuce-podloge-za-bazene-Bergo-Soft.jpg","!na sajt/soft",neklzajuce-podloge-za-bazene-Bergo-Soft.jpg,800,500,landscape,101
"C:/Miroslav/Antas Line priprema za sajt/!na sajt/soft/podloga-pored-bazena.jpg","!na sajt/soft",podloga-pored-bazena.jpg,800,500,landscape,98
"C:/Miroslav/Antas Line priprema za sajt/!na sajt/soft/podloga-za-vlazne-prostore.jpg","!na sajt/soft",podloga-za-vlazne-prostore.jpg,800,500,landscape,121
"C:/Miroslav/Antas Line priprema za sajt/!na sajt/soft/podovi-za-spa.jpg","!na sajt/soft",podovi-za-spa.jpg,800,500,landscape,120
"C:/Miroslav/Antas Line priprema za sajt/!na sajt/soft/Stand-boje-Soft-tile.jpg","!na sajt/soft",Stand-boje-Soft-tile.jpg,759,120,landscape,8
"C:/Miroslav/Antas Line priprema za sajt/!naslovna/bergo koncept.jpg",!naslovna,"bergo koncept.jpg",720,540,landscape,56
"C:/Miroslav/Antas Line priprema za sajt/!naslovna/bergo xl.jpg",!naslovna,"bergo xl.jpg",640,640,kvadrat,172
"C:/Miroslav/Antas Line priprema za sajt/!naslovna/dekorativne-podloge.jpg",!naslovna,dekorativne-podloge.jpg,300,420,portrait,35
"C:/Miroslav/Antas Line priprema za sajt/!naslovna/dekorativni-podovi.jpg",!naslovna,dekorativni-podovi.jpg,300,421,portrait,139
"C:/Miroslav/Antas Line priprema za sajt/!naslovna/industrijski podovi ecotile.jpg",!naslovna,"industrijski podovi ecotile.jpg",960,720,landscape,95
"C:/Miroslav/Antas Line priprema za sajt/!naslovna/industrijski-podovi-ecotile.jpg",!naslovna,industrijski-podovi-ecotile.jpg,300,420,portrait,37
"C:/Miroslav/Antas Line priprema za sajt/!naslovna/industrijski-podovi-i-podloge.jpg",!naslovna,industrijski-podovi-i-podloge.jpg,300,420,portrait,88
"C:/Miroslav/Antas Line priprema za sajt/!naslovna/obelezavanje podova.jpg",!naslovna,"obelezavanje podova.jpg",720,960,portrait,58
"C:/Miroslav/Antas Line priprema za sajt/!naslovna/obelezavanje-podova.jpg",!naslovna,obelezavanje-podova.jpg,300,420,portrait,28
"C:/Miroslav/Antas Line priprema za sajt/!naslovna/Podloge-oko-bazena.jpg",!naslovna,Podloge-oko-bazena.jpg,300,420,portrait,136
"C:/Miroslav/Antas Line priprema za sajt/!naslovna/Podloge-za-kosarkaski-teren.jpg",!naslovna,Podloge-za-kosarkaski-teren.jpg,300,420,portrait,134
"C:/Miroslav/Antas Line priprema za sajt/!naslovna/podloge-za-sajmove.jpg",!naslovna,podloge-za-sajmove.jpg,300,420,portrait,31
"C:/Miroslav/Antas Line priprema za sajt/!naslovna/sl1 bazen.jpg",!naslovna,"sl1 bazen.jpg",500,700,portrait,424
"C:/Miroslav/Antas Line priprema za sajt/!naslovna/sl1 dekorativne.jpg",!naslovna,"sl1 dekorativne.jpg",494,659,portrait,360
"C:/Miroslav/Antas Line priprema za sajt/!naslovna/sl1 ind.jpg",!naslovna,"sl1 ind.jpg",500,700,portrait,307
"C:/Miroslav/Antas Line priprema za sajt/!naslovna/sl1 sport.jpg",!naslovna,"sl1 sport.jpg",500,700,portrait,347
"C:/Miroslav/Antas Line priprema za sajt/!naslovna/Vestacka_Trava.jpg",!naslovna,Vestacka_Trava.jpg,300,419,portrait,48
"C:/Miroslav/Antas Line priprema za sajt/!naslovna/Vestacka_Trava_SIT-IN.jpg",!naslovna,Vestacka_Trava_SIT-IN.jpg,929,480,landscape,196
"C:/Miroslav/Antas Line priprema za sajt/!naslovna/XL stand1.jpg",!naslovna,"XL stand1.jpg",640,640,kvadrat,172
"C:/Miroslav/Antas Line priprema za sajt/adient/29598345_1331644443646045_7080049786779102240_n.jpg",adient,29598345_1331644443646045_7080049786779102240_n.jpg,960,960,kvadrat,87
"C:/Miroslav/Antas Line priprema za sajt/adient/29684143_1331644383646051_5277058246782507483_n.jpg",adient,29684143_1331644383646051_5277058246782507483_n.jpg,960,960,kvadrat,129
"C:/Miroslav/Antas Line priprema za sajt/adient/29790359_1331644413646048_269356953931636909_n.jpg",adient,29790359_1331644413646048_269356953931636909_n.jpg,960,960,kvadrat,112
"C:/Miroslav/Antas Line priprema za sajt/adient/sajt/industrijske-podloge-sa-obelezavanjem.jpg",adient/sajt,industrijske-podloge-sa-obelezavanjem.jpg,960,720,landscape,66
"C:/Miroslav/Antas Line priprema za sajt/adient/sajt/industrijski-podovi-ecotile.jpg",adient/sajt,industrijski-podovi-ecotile.jpg,960,720,landscape,58
"C:/Miroslav/Antas Line priprema za sajt/adient/sajt/industrijski-podovi.jpg",adient/sajt,industrijski-podovi.jpg,960,720,landscape,65
"C:/Miroslav/Antas Line priprema za sajt/ANTAS-LINE-LOGO-100x100.png",.,ANTAS-LINE-LOGO-100x100.png,100,100,kvadrat,7
"C:/Miroslav/Antas Line priprema za sajt/BERGO Soft Tile/!/bergo-soft-podloga.jpg","BERGO Soft Tile/!",bergo-soft-podloga.jpg,700,450,landscape,92
"C:/Miroslav/Antas Line priprema za sajt/BERGO Soft Tile/!/Bergo_Soft_tile.jpg","BERGO Soft Tile/!",Bergo_Soft_tile.jpg,788,322,landscape,34
"C:/Miroslav/Antas Line priprema za sajt/BERGO Soft Tile/!/podloge-oko-bazena.jpg","BERGO Soft Tile/!",podloge-oko-bazena.jpg,700,450,landscape,94
"C:/Miroslav/Antas Line priprema za sajt/BERGO Soft Tile/!/podovi-oko-bazena.jpg","BERGO Soft Tile/!",podovi-oko-bazena.jpg,700,451,landscape,84
"C:/Miroslav/Antas Line priprema za sajt/BERGO Soft Tile/!/podovi-za-vlazne-prostore.jpg","BERGO Soft Tile/!",podovi-za-vlazne-prostore.jpg,700,451,landscape,97
"C:/Miroslav/Antas Line priprema za sajt/BERGO Soft Tile/!/Soft-tile.jpg","BERGO Soft Tile/!",Soft-tile.jpg,300,304,portrait,23
"C:/Miroslav/Antas Line priprema za sajt/BERGO Soft Tile/!/thumb_Bergo_Soft_7.jpg","BERGO Soft Tile/!",thumb_Bergo_Soft_7.jpg,466,300,landscape,27
"C:/Miroslav/Antas Line priprema za sajt/BERGO Soft Tile/10year guarantee.png","BERGO Soft Tile","10year guarantee.png",162,142,landscape,7
"C:/Miroslav/Antas Line priprema za sajt/BERGO Soft Tile/Bergo Soft Tile  (1).jpg","BERGO Soft Tile","Bergo Soft Tile  (1).jpg",4272,2848,landscape,1559
"C:/Miroslav/Antas Line priprema za sajt/BERGO Soft Tile/Bergo Soft Tile (15).jpg","BERGO Soft Tile","Bergo Soft Tile (15).jpg",3072,4608,portrait,1675
"C:/Miroslav/Antas Line priprema za sajt/BERGO Soft Tile/Bergo Soft Tile (16).jpg","BERGO Soft Tile","Bergo Soft Tile (16).jpg",4608,3072,landscape,2255
"C:/Miroslav/Antas Line priprema za sajt/BERGO Soft Tile/Bergo Soft Tile (9).jpg","BERGO Soft Tile","Bergo Soft Tile (9).jpg",960,720,landscape,106
"C:/Miroslav/Antas Line priprema za sajt/BERGO Soft Tile/BERGO Unique (79).jpg","BERGO Soft Tile","BERGO Unique (79).jpg",960,540,landscape,116
"C:/Miroslav/Antas Line priprema za sajt/BERGO Soft Tile/bergoflooring_logo.png","BERGO Soft Tile",bergoflooring_logo.png,113,114,portrait,8
"C:/Miroslav/Antas Line priprema za sajt/BERGO Soft Tile/Bergo_Soft_1.jpg","BERGO Soft Tile",Bergo_Soft_1.jpg,960,660,landscape,213
"C:/Miroslav/Antas Line priprema za sajt/BERGO Soft Tile/Bergo_Soft_Tile_Tylö_Sauna2.jpg","BERGO Soft Tile",Bergo_Soft_Tile_Tylö_Sauna2.jpg,160,160,kvadrat,17
"C:/Miroslav/Antas Line priprema za sajt/BERGO Soft Tile/fda appruved.png","BERGO Soft Tile","fda appruved.png",234,192,landscape,23
"C:/Miroslav/Antas Line priprema za sajt/BERGO Soft Tile/Soft tile.jpg","BERGO Soft Tile","Soft tile.jpg",500,500,kvadrat,107
"C:/Miroslav/Antas Line priprema za sajt/BERGO Soft Tile/Stand boje Soft tile.png","BERGO Soft Tile","Stand boje Soft tile.png",759,120,landscape,6
"C:/Miroslav/Antas Line priprema za sajt/BERGO Soft Tile/thumb_Bergo_Soft_7.jpg","BERGO Soft Tile",thumb_Bergo_Soft_7.jpg,600,300,landscape,40
"C:/Miroslav/Antas Line priprema za sajt/BERGO Soft Tile/unique13.jpg","BERGO Soft Tile",unique13.jpg,960,720,landscape,128
"C:/Miroslav/Antas Line priprema za sajt/BERGO Tenis/Bergo tenis ploca.jpg","BERGO Tenis","Bergo tenis ploca.jpg",500,500,kvadrat,83
"C:/Miroslav/Antas Line priprema za sajt/BERGO Tenis/Bergo Tennis  (12).jpg","BERGO Tenis","Bergo Tennis  (12).jpg",1024,643,landscape,617
"C:/Miroslav/Antas Line priprema za sajt/BERGO Tenis/Bergo Tennis  (32).jpg","BERGO Tenis","Bergo Tennis  (32).jpg",1360,989,landscape,280
"C:/Miroslav/Antas Line priprema za sajt/BERGO Tenis/Bergo Tennis  (35).jpg","BERGO Tenis","Bergo Tennis  (35).jpg",1360,989,landscape,296
"C:/Miroslav/Antas Line priprema za sajt/BERGO Tenis/Bergo Tennis  (61).jpg","BERGO Tenis","Bergo Tennis  (61).jpg",1200,900,landscape,205
"C:/Miroslav/Antas Line priprema za sajt/BERGO Tenis/Bergo Tennis Sarajevo BiH.jpg","BERGO Tenis","Bergo Tennis Sarajevo BiH.jpg",960,720,landscape,151
"C:/Miroslav/Antas Line priprema za sajt/BERGO Tenis/BERGO tennis.jpg","BERGO Tenis","BERGO tennis.jpg",4000,2670,landscape,1058
"C:/Miroslav/Antas Line priprema za sajt/BERGO Tenis/Bergo_Tenis_sportska_podloga_1.jpg","BERGO Tenis",Bergo_Tenis_sportska_podloga_1.jpg,960,540,landscape,290
"C:/Miroslav/Antas Line priprema za sajt/BERGO Tenis/Bergo_Tenis_sportska_podloga_7.jpg","BERGO Tenis",Bergo_Tenis_sportska_podloga_7.jpg,960,540,landscape,193
"C:/Miroslav/Antas Line priprema za sajt/BERGO Tenis/itf_classified-court-pace_5fast.jpg","BERGO Tenis",itf_classified-court-pace_5fast.jpg,107,107,kvadrat,4
"C:/Miroslav/Antas Line priprema za sajt/BERGO Tenis/Monataza tenis podloge_sportski_teren_srebrenica_9.jpg","BERGO Tenis","Monataza tenis podloge_sportski_teren_srebrenica_9.jpg",1200,900,landscape,213
"C:/Miroslav/Antas Line priprema za sajt/BERGO Tenis/Standardne boje BERGO Tenis.jpg","BERGO Tenis","Standardne boje BERGO Tenis.jpg",381,150,landscape,8
"C:/Miroslav/Antas Line priprema za sajt/BERGO Tenis/tenis.jpg","BERGO Tenis",tenis.jpg,552,700,portrait,113
"C:/Miroslav/Antas Line priprema za sajt/BERGO Top Tile/Bergo-Top-Tile.jpg","BERGO Top Tile",Bergo-Top-Tile.jpg,750,1000,portrait,120
"C:/Miroslav/Antas Line priprema za sajt/BERGO Top Tile/DSC_0113.jpg","BERGO Top Tile",DSC_0113.jpg,2592,3872,portrait,1223
"C:/Miroslav/Antas Line priprema za sajt/BERGO Top Tile/DSC_0147.jpg","BERGO Top Tile",DSC_0147.jpg,4608,3072,landscape,1049
"C:/Miroslav/Antas Line priprema za sajt/BERGO Top Tile/entrance_candy_shop.jpg","BERGO Top Tile",entrance_candy_shop.jpg,4032,3024,landscape,5534
"C:/Miroslav/Antas Line priprema za sajt/BERGO Top Tile/IMG_0875.jpg","BERGO Top Tile",IMG_0875.jpg,3264,2448,landscape,1369
"C:/Miroslav/Antas Line priprema za sajt/BERGO Top Tile/IMG_7377.jpg","BERGO Top Tile",IMG_7377.jpg,3264,2448,landscape,819
"C:/Miroslav/Antas Line priprema za sajt/BERGO Top Tile/Standardne boje Top Tile.png","BERGO Top Tile","Standardne boje Top Tile.png",1150,334,landscape,146
"C:/Miroslav/Antas Line priprema za sajt/BERGO Top Tile/Top Tile  wood_1.jpg","BERGO Top Tile","Top Tile  wood_1.jpg",221,228,portrait,3
"C:/Miroslav/Antas Line priprema za sajt/BERGO Top Tile/Top Tile (2).jpg","BERGO Top Tile","Top Tile (2).jpg",3433,2212,landscape,2093
"C:/Miroslav/Antas Line priprema za sajt/BERGO Top Tile/Top Tile wood.jpg","BERGO Top Tile","Top Tile wood.jpg",736,758,portrait,102
"C:/Miroslav/Antas Line priprema za sajt/BERGO Top Tile/Top-Tile-podne-obloge-12.jpg","BERGO Top Tile",Top-Tile-podne-obloge-12.jpg,960,540,landscape,206
"C:/Miroslav/Antas Line priprema za sajt/BERGO Top Tile/Top-Tile-podne-obloge-14.jpg","BERGO Top Tile",Top-Tile-podne-obloge-14.jpg,960,540,landscape,232
"C:/Miroslav/Antas Line priprema za sajt/BERGO Top Tile/Top-Tile-podne-obloge-16.jpg","BERGO Top Tile",Top-Tile-podne-obloge-16.jpg,960,540,landscape,337
"C:/Miroslav/Antas Line priprema za sajt/BERGO Top Tile/Top-Tile-podne-obloge-17.jpg","BERGO Top Tile",Top-Tile-podne-obloge-17.jpg,675,900,portrait,470
"C:/Miroslav/Antas Line priprema za sajt/BERGO Top Tile/Top-Tile-podne-obloge-21.jpg","BERGO Top Tile",Top-Tile-podne-obloge-21.jpg,900,675,landscape,412
"C:/Miroslav/Antas Line priprema za sajt/BERGO Top Tile/toptile_concrete.jpg","BERGO Top Tile",toptile_concrete.jpg,3486,3594,portrait,6867
"C:/Miroslav/Antas Line priprema za sajt/Casali/1384_n_comfosport.png",Casali,1384_n_comfosport.png,585,629,portrait,608
"C:/Miroslav/Antas Line priprema za sajt/Casali/1422_z_web_Supersoft_Istanbul1.jpg",Casali,1422_z_web_Supersoft_Istanbul1.jpg,1600,500,landscape,602
"C:/Miroslav/Antas Line priprema za sajt/Casali/1428_t_grand court.jpg",Casali,"1428_t_grand court.jpg",184,69,landscape,40
"C:/Miroslav/Antas Line priprema za sajt/Casali/2627_n_Ucraina_1.jpg",Casali,2627_n_Ucraina_1.jpg,960,606,landscape,319
"C:/Miroslav/Antas Line priprema za sajt/Casali/2646_n_halep_casali.jpg",Casali,2646_n_halep_casali.jpg,950,600,landscape,545
"C:/Miroslav/Antas Line priprema za sajt/Casali/2669_n_quito_DJI_0001_950x600.jpg",Casali,2669_n_quito_DJI_0001_950x600.jpg,950,600,landscape,668
"C:/Miroslav/Antas Line priprema za sajt/Casali/3medium.jpg",Casali,3medium.jpg,259,194,landscape,6
"C:/Miroslav/Antas Line priprema za sajt/Casali/4medium fast.png",Casali,"4medium fast.png",225,225,kvadrat,10
"C:/Miroslav/Antas Line priprema za sajt/Casali/casali_ATP Portoroz.jpg",Casali,"casali_ATP Portoroz.jpg",625,394,landscape,59
"C:/Miroslav/Antas Line priprema za sajt/Casali/casali_clip_image002_0006.jpg",Casali,casali_clip_image002_0006.jpg,307,230,landscape,12
"C:/Miroslav/Antas Line priprema za sajt/Casali/casali_logo.jpg",Casali,casali_logo.jpg,150,150,kvadrat,4
"C:/Miroslav/Antas Line priprema za sajt/Casali/casali_rakovica.jpg",Casali,casali_rakovica.jpg,307,173,landscape,10
"C:/Miroslav/Antas Line priprema za sajt/Casali/casali_spin.jpg",Casali,casali_spin.jpg,307,230,landscape,9
"C:/Miroslav/Antas Line priprema za sajt/Casali/casali_TC Djukic.jpg",Casali,"casali_TC Djukic.jpg",307,230,landscape,12
"C:/Miroslav/Antas Line priprema za sajt/Casali/certificati4.jpg",Casali,certificati4.jpg,370,216,landscape,41
"C:/Miroslav/Antas Line priprema za sajt/Casali/confo str.jpg",Casali,"confo str.jpg",216,225,portrait,26
"C:/Miroslav/Antas Line priprema za sajt/Casali/doppio str.jpg",Casali,"doppio str.jpg",226,243,portrait,29
"C:/Miroslav/Antas Line priprema za sajt/Casali/guzzini challenger.jpg",Casali,"guzzini challenger.jpg",300,202,landscape,102
"C:/Miroslav/Antas Line priprema za sajt/Casali/ITF logo.png",Casali,"ITF logo.png",301,167,landscape,4
"C:/Miroslav/Antas Line priprema za sajt/Casali/logoitalianquality.jpg",Casali,logoitalianquality.jpg,84,83,landscape,5
"C:/Miroslav/Antas Line priprema za sajt/Casali/Multifunkcionalni Nova Varos (5).jpg",Casali,"Multifunkcionalni Nova Varos (5).jpg",1024,768,landscape,389
"C:/Miroslav/Antas Line priprema za sajt/Casali/stnadardne boje CASALI.png",Casali,"stnadardne boje CASALI.png",656,76,landscape,13
"C:/Miroslav/Antas Line priprema za sajt/Casali/teren supersoft doppio.jpg",Casali,"teren supersoft doppio.jpg",3264,2448,landscape,2520
"C:/Miroslav/Antas Line priprema za sajt/Casali/tereni grocka.jpg",Casali,"tereni grocka.jpg",1008,432,landscape,195
"C:/Miroslav/Antas Line priprema za sajt/ecotile 5005/Ecotile-5mm---Orion-telekom-Beograd.jpg","ecotile 5005",Ecotile-5mm---Orion-telekom-Beograd.jpg,1000,667,landscape,70
"C:/Miroslav/Antas Line priprema za sajt/ecotile 5005/Ecotile-zubarska-ordinacija.jpg","ecotile 5005",Ecotile-zubarska-ordinacija.jpg,1000,667,landscape,80
"C:/Miroslav/Antas Line priprema za sajt/ecotile 5005/paletar-na-podu.jpg","ecotile 5005",paletar-na-podu.jpg,672,1008,portrait,195
"C:/Miroslav/Antas Line priprema za sajt/ecotile 5005/republicki-zavod-za-sport-1.jpg","ecotile 5005",republicki-zavod-za-sport-1.jpg,640,960,portrait,60
"C:/Miroslav/Antas Line priprema za sajt/ecotile 5007/boje/500-7 crvena.jpg","ecotile 5007/boje","500-7 crvena.jpg",180,180,kvadrat,18
"C:/Miroslav/Antas Line priprema za sajt/ecotile 5007/boje/500-7 plava - Copy.jpg","ecotile 5007/boje","500-7 plava - Copy.jpg",180,180,kvadrat,13
"C:/Miroslav/Antas Line priprema za sajt/ecotile 5007/boje/500-7 plava.jpg","ecotile 5007/boje","500-7 plava.jpg",180,180,kvadrat,13
"C:/Miroslav/Antas Line priprema za sajt/ecotile 5007/boje/500-7 sa krugovima.jpg","ecotile 5007/boje","500-7 sa krugovima.jpg",180,180,kvadrat,10
"C:/Miroslav/Antas Line priprema za sajt/ecotile 5007/boje/500-7 siva.jpg","ecotile 5007/boje","500-7 siva.jpg",180,180,kvadrat,12
"C:/Miroslav/Antas Line priprema za sajt/ecotile 5007/boje/500-7 tamnosiva.jpg","ecotile 5007/boje","500-7 tamnosiva.jpg",180,180,kvadrat,12
"C:/Miroslav/Antas Line priprema za sajt/ecotile 5007/boje/500-7 zeleni.jpg","ecotile 5007/boje","500-7 zeleni.jpg",180,180,kvadrat,16
"C:/Miroslav/Antas Line priprema za sajt/ecotile 5007/boje/500-7 zuta.jpg","ecotile 5007/boje","500-7 zuta.jpg",180,180,kvadrat,10
"C:/Miroslav/Antas Line priprema za sajt/ecotile 5007/boje/Ecotile-crna.jpg","ecotile 5007/boje",Ecotile-crna.jpg,180,180,kvadrat,8
"C:/Miroslav/Antas Line priprema za sajt/ecotile 5007/boje/Ecotile-crvena.jpg","ecotile 5007/boje",Ecotile-crvena.jpg,180,180,kvadrat,14
"C:/Miroslav/Antas Line priprema za sajt/ecotile 5007/boje/Ecotile-plava.jpg","ecotile 5007/boje",Ecotile-plava.jpg,180,180,kvadrat,10
"C:/Miroslav/Antas Line priprema za sajt/ecotile 5007/boje/Ecotile-siva (1).jpg","ecotile 5007/boje","Ecotile-siva (1).jpg",180,180,kvadrat,10
"C:/Miroslav/Antas Line priprema za sajt/ecotile 5007/boje/Ecotile-siva.jpg","ecotile 5007/boje",Ecotile-siva.jpg,180,180,kvadrat,10
"C:/Miroslav/Antas Line priprema za sajt/ecotile 5007/boje/Ecotile-zelena.jpg","ecotile 5007/boje",Ecotile-zelena.jpg,180,180,kvadrat,13
"C:/Miroslav/Antas Line priprema za sajt/ecotile 5007/boje/Ecotile-zuta.jpg","ecotile 5007/boje",Ecotile-zuta.jpg,180,180,kvadrat,7
"C:/Miroslav/Antas Line priprema za sajt/ecotile 5007/ecotile 500-7 pod u radionici.webp","ecotile 5007","ecotile 500-7 pod u radionici.webp",800,531,landscape,42
"C:/Miroslav/Antas Line priprema za sajt/ecotile 5007/ecotile 500-7.webp","ecotile 5007","ecotile 500-7.webp",800,531,landscape,66
"C:/Miroslav/Antas Line priprema za sajt/ecotile 5007/ecotile 5007.webp","ecotile 5007","ecotile 5007.webp",800,531,landscape,42
"C:/Miroslav/Antas Line priprema za sajt/ecotile 5007/industrijski podovi u radionici.webp","ecotile 5007","industrijski podovi u radionici.webp",800,531,landscape,42
"C:/Miroslav/Antas Line priprema za sajt/ecotile 5007/industrijski-podovi-ecotile-500-7.jpg","ecotile 5007",industrijski-podovi-ecotile-500-7.jpg,1000,667,landscape,95
"C:/Miroslav/Antas Line priprema za sajt/ecotile 5007/industrijski-podovi-ecotile-500-7b.jpg","ecotile 5007",industrijski-podovi-ecotile-500-7b.jpg,1000,667,landscape,43
"C:/Miroslav/Antas Line priprema za sajt/ecotile 5007/montaza ecotile ploca.webp","ecotile 5007","montaza ecotile ploca.webp",800,531,landscape,64
"C:/Miroslav/Antas Line priprema za sajt/ecotile 5007/montaza podnih ploca preko ostecenog betona.webp","ecotile 5007","montaza podnih ploca preko ostecenog betona.webp",800,531,landscape,73
"C:/Miroslav/Antas Line priprema za sajt/ecotile 5007/obelezavanje-podova-u-industriji.jpg","ecotile 5007",obelezavanje-podova-u-industriji.jpg,1000,667,landscape,122
"C:/Miroslav/Antas Line priprema za sajt/ecotile 5007/Pod za teretane.jpg","ecotile 5007","Pod za teretane.jpg",800,531,landscape,62
"C:/Miroslav/Antas Line priprema za sajt/ecotile 5007/pod-u-auto-industriji.jpg","ecotile 5007",pod-u-auto-industriji.jpg,1000,667,landscape,152
"C:/Miroslav/Antas Line priprema za sajt/ecotile 5007/pod-za-auto-industriju.jpg","ecotile 5007",pod-za-auto-industriju.jpg,1000,667,landscape,138
"C:/Miroslav/Antas Line priprema za sajt/ecotile 5007/pod-za-halu.jpg","ecotile 5007",pod-za-halu.jpg,1000,667,landscape,105
"C:/Miroslav/Antas Line priprema za sajt/ecotile 5007/pod-za-preradu-aluminjuma.jpg","ecotile 5007",pod-za-preradu-aluminjuma.jpg,864,576,landscape,86
"C:/Miroslav/Antas Line priprema za sajt/ecotile 5007/postavljanje industrijskog poda u pvc plocama.webp","ecotile 5007","postavljanje industrijskog poda u pvc plocama.webp",800,531,landscape,48
"C:/Miroslav/Antas Line priprema za sajt/ecotile 5007/viljuskar-preko-industrijskog-poda.jpg","ecotile 5007",viljuskar-preko-industrijskog-poda.jpg,1000,666,landscape,63
"C:/Miroslav/Antas Line priprema za sajt/ecotile 5010/AIK-Bacaka-Topla-10mm-(5).jpg","ecotile 5010",AIK-Bacaka-Topla-10mm-(5).jpg,800,534,landscape,68
"C:/Miroslav/Antas Line priprema za sajt/ecotile 5010/AIK-Backa-Topola-10mm-(1).jpg","ecotile 5010",AIK-Backa-Topola-10mm-(1).jpg,800,534,landscape,85
"C:/Miroslav/Antas Line priprema za sajt/ecotile 5010/AIK-Backa-Topola-10mm-(2).jpg","ecotile 5010",AIK-Backa-Topola-10mm-(2).jpg,800,534,landscape,84
"C:/Miroslav/Antas Line priprema za sajt/ecotile 5010/AIK-Backa-Topola-10mm-(3).jpg","ecotile 5010",AIK-Backa-Topola-10mm-(3).jpg,800,534,landscape,94
"C:/Miroslav/Antas Line priprema za sajt/ecotile 5010/images.jpg","ecotile 5010",images.jpg,275,183,landscape,11
"C:/Miroslav/Antas Line priprema za sajt/ecotile 5010/pod za hangare.JPG","ecotile 5010","pod za hangare.JPG",2048,1536,landscape,319
"C:/Miroslav/Antas Line priprema za sajt/ecotile 5010/pod za heliodrom.jpg","ecotile 5010","pod za heliodrom.jpg",773,271,landscape,30
"C:/Miroslav/Antas Line priprema za sajt/ecotile 5010/pod-za-hangare.jpg","ecotile 5010",pod-za-hangare.jpg,1000,667,landscape,150
"C:/Miroslav/Antas Line priprema za sajt/ecotile 5010/pod-za-heliodrom.jpg","ecotile 5010",pod-za-heliodrom.jpg,773,271,landscape,48
"C:/Miroslav/Antas Line priprema za sajt/ecotile 5010/pod-za-tesku-industriju.jpg","ecotile 5010",pod-za-tesku-industriju.jpg,667,1000,portrait,240
"C:/Miroslav/Antas Line priprema za sajt/epoksidni podovi/dilatacioni spojevi u betonu.jpg","epoksidni podovi","dilatacioni spojevi u betonu.jpg",181,278,portrait,7
"C:/Miroslav/Antas Line priprema za sajt/epoksidni podovi/dilatacioni-spojevi-u-betonu.jpg","epoksidni podovi",dilatacioni-spojevi-u-betonu.jpg,278,181,landscape,8
"C:/Miroslav/Antas Line priprema za sajt/epoksidni podovi/ispucali beton.jpg","epoksidni podovi","ispucali beton.jpg",320,191,landscape,12
"C:/Miroslav/Antas Line priprema za sajt/epoksidni podovi/ispucali epoksi.jpg","epoksidni podovi","ispucali epoksi.jpg",2448,3264,portrait,1687
"C:/Miroslav/Antas Line priprema za sajt/epoksidni podovi/ispucali-beton.jpg","epoksidni podovi",ispucali-beton.jpg,320,191,landscape,7
"C:/Miroslav/Antas Line priprema za sajt/epoksidni podovi/ispucali-epoksi.jpg","epoksidni podovi",ispucali-epoksi.jpg,525,600,portrait,66
"C:/Miroslav/Antas Line priprema za sajt/epoksidni podovi/priprema za epoksid.jpg","epoksidni podovi","priprema za epoksid.jpg",700,525,landscape,61
"C:/Miroslav/Antas Line priprema za sajt/epoksidni podovi/Synergy-Lifting-Decommissioning-and-Asset-Recovery-1.jpg","epoksidni podovi",Synergy-Lifting-Decommissioning-and-Asset-Recovery-1.jpg,640,480,landscape,76
"C:/Miroslav/Antas Line priprema za sajt/epoksidni podovi/uklanjanje epoksidnog poda.png","epoksidni podovi","uklanjanje epoksidnog poda.png",500,300,landscape,118
"C:/Miroslav/Antas Line priprema za sajt/epoksidni podovi/uklanjanje-epoksidnog-poda.jpg","epoksidni podovi",uklanjanje-epoksidnog-poda.jpg,500,300,landscape,66
"C:/Miroslav/Antas Line priprema za sajt/ergomat/Diamond Allround.webp",ergomat,"Diamond Allround.webp",1000,623,landscape,84
"C:/Miroslav/Antas Line priprema za sajt/ergomat/ergnomske-podloge-ergomat.jpg",ergomat,ergnomske-podloge-ergomat.jpg,500,333,landscape,14
"C:/Miroslav/Antas Line priprema za sajt/ergomat/Ergomat-Nitrile-Rubber-Anti-Fatigue-Mat-for-Wet-Environments.jpg",ergomat,Ergomat-Nitrile-Rubber-Anti-Fatigue-Mat-for-Wet-Environments.jpg,1500,1325,landscape,207
"C:/Miroslav/Antas Line priprema za sajt/ergomat/ergonomske podloge u fabrikama.webp",ergomat,"ergonomske podloge u fabrikama.webp",800,531,landscape,84
"C:/Miroslav/Antas Line priprema za sajt/ergomat/Ergonomske podloge za kancelarije - Supersoft Office.webp",ergomat,"Ergonomske podloge za kancelarije - Supersoft Office.webp",1000,623,landscape,29
"C:/Miroslav/Antas Line priprema za sajt/ergomat/ergonomske-podloge.jpg",ergomat,ergonomske-podloge.jpg,360,504,portrait,48
"C:/Miroslav/Antas Line priprema za sajt/ergomat/ESD-Anti-Fatigue-Antis-Stress-Mats-Flooring-Coating-Paint-Epoxy-Vinyl-Rubber-Antistatic-Anti-Static-Ergonomic-Mat-Ergomat-01.5.jpg",ergomat,ESD-Anti-Fatigue-Antis-Stress-Mats-Flooring-Coating-Paint-Epoxy-Vinyl-Rubber-Antistatic-Anti-Static-Ergonomic-Mat-Ergomat-01.5.jpg,2775,1071,landscape,547
"C:/Miroslav/Antas Line priprema za sajt/ergomat/Gumene ergonomske podloge - Rubbermats.webp",ergomat,"Gumene ergonomske podloge - Rubbermats.webp",1000,623,landscape,55
"C:/Miroslav/Antas Line priprema za sajt/ergomat/New folder/Basic bubble, Classic, XL, Complete presek.jpg","ergomat/New folder","Basic bubble, Classic, XL, Complete presek.jpg",225,158,landscape,4
"C:/Miroslav/Antas Line priprema za sajt/ergomat/New folder/Basic smooth, Complete  presek.jpg","ergomat/New folder","Basic smooth, Complete  presek.jpg",275,161,landscape,4
"C:/Miroslav/Antas Line priprema za sajt/ergomat/New folder/Bubble Down presek sa zutim ivicama.jpg","ergomat/New folder","Bubble Down presek sa zutim ivicama.jpg",382,132,landscape,5
"C:/Miroslav/Antas Line priprema za sajt/ergomat/New folder/Bubble Down, BB Down presek bez zutih ivica.jpg","ergomat/New folder","Bubble Down, BB Down presek bez zutih ivica.jpg",579,440,landscape,17
"C:/Miroslav/Antas Line priprema za sajt/ergomat/New folder/Deluxe Ergomat.png","ergomat/New folder","Deluxe Ergomat.png",1159,400,landscape,461
"C:/Miroslav/Antas Line priprema za sajt/ergomat/New folder/Ergomat Industry presek.jpg","ergomat/New folder","Ergomat Industry presek.jpg",857,637,landscape,21
"C:/Miroslav/Antas Line priprema za sajt/ergomat/New folder/Infinity Smooth, IS ESD.jpg","ergomat/New folder","Infinity Smooth, IS ESD.jpg",3953,1366,landscape,522
"C:/Miroslav/Antas Line priprema za sajt/ergomat/New folder/Infinity-Bubble i IB ESD.jpg","ergomat/New folder","Infinity-Bubble i IB ESD.jpg",3285,1392,landscape,404
"C:/Miroslav/Antas Line priprema za sajt/ergomat/New folder/infinity_landing.jpg","ergomat/New folder",infinity_landing.jpg,700,330,landscape,71
"C:/Miroslav/Antas Line priprema za sajt/ergomat/New folder/Nitril Smooth, Nitril Smooth ESD.jpg","ergomat/New folder","Nitril Smooth, Nitril Smooth ESD.jpg",2019,673,landscape,123
"C:/Miroslav/Antas Line priprema za sajt/ergomat/New folder/Nitril, Nitril ESD, Hygiene  presek.jpg","ergomat/New folder","Nitril, Nitril ESD, Hygiene  presek.jpg",255,124,landscape,4
"C:/Miroslav/Antas Line priprema za sajt/ergomat/New folder/Nitro.jpg","ergomat/New folder",Nitro.jpg,520,128,landscape,15
"C:/Miroslav/Antas Line priprema za sajt/ergomat/New folder/PRODUCT_Matting.jpg","ergomat/New folder",PRODUCT_Matting.jpg,1140,249,landscape,41
"C:/Miroslav/Antas Line priprema za sajt/ergomat/New folder/Softline presek.jpg","ergomat/New folder","Softline presek.jpg",255,155,landscape,4
"C:/Miroslav/Antas Line priprema za sajt/ergomat/nitrile walk.webp",ergomat,"nitrile walk.webp",1000,623,landscape,24
"C:/Miroslav/Antas Line priprema za sajt/ergomat/optim galerija/Basic-bubble,-Classic,-XL,-Complete-presek.jpg","ergomat/optim galerija","Basic-bubble,-Classic,-XL,-Complete-presek.jpg",225,158,landscape,8
"C:/Miroslav/Antas Line priprema za sajt/ergomat/optim galerija/Basic-smooth,-Complete--presek.jpg","ergomat/optim galerija","Basic-smooth,-Complete--presek.jpg",275,161,landscape,7
"C:/Miroslav/Antas Line priprema za sajt/ergomat/optim galerija/Bubble-Down,-BB-Down-presek-bez-zutih-ivica.jpg","ergomat/optim galerija","Bubble-Down,-BB-Down-presek-bez-zutih-ivica.jpg",579,386,landscape,13
"C:/Miroslav/Antas Line priprema za sajt/ergomat/optim galerija/Bubble-Down-presek-sa-zutim-ivicama.jpg","ergomat/optim galerija",Bubble-Down-presek-sa-zutim-ivicama.jpg,382,132,landscape,7
"C:/Miroslav/Antas Line priprema za sajt/ergomat/optim galerija/Deluxe-Ergomat.jpg","ergomat/optim galerija",Deluxe-Ergomat.jpg,1000,345,landscape,41
"C:/Miroslav/Antas Line priprema za sajt/ergomat/optim galerija/Ergomat-Industry-presek.jpg","ergomat/optim galerija",Ergomat-Industry-presek.jpg,857,637,landscape,42
"C:/Miroslav/Antas Line priprema za sajt/ergomat/optim galerija/Infinity-Bubble-i-IB-ESD.jpg","ergomat/optim galerija",Infinity-Bubble-i-IB-ESD.jpg,1000,667,landscape,39
"C:/Miroslav/Antas Line priprema za sajt/ergomat/optim galerija/Infinity-Smooth,-IS-ESD.jpg","ergomat/optim galerija","Infinity-Smooth,-IS-ESD.jpg",1000,346,landscape,55
"C:/Miroslav/Antas Line priprema za sajt/ergomat/optim galerija/infinity_landing.jpg","ergomat/optim galerija",infinity_landing.jpg,700,330,landscape,87
"C:/Miroslav/Antas Line priprema za sajt/ergomat/optim galerija/Nitril,-Nitril-ESD,-Hygiene--presek.jpg","ergomat/optim galerija","Nitril,-Nitril-ESD,-Hygiene--presek.jpg",255,124,landscape,6
"C:/Miroslav/Antas Line priprema za sajt/ergomat/optim galerija/Nitril-Smooth,-Nitril-Smooth-ESD.jpg","ergomat/optim galerija","Nitril-Smooth,-Nitril-Smooth-ESD.jpg",1000,333,landscape,54
"C:/Miroslav/Antas Line priprema za sajt/ergomat/optim galerija/Nitro.jpg","ergomat/optim galerija",Nitro.jpg,520,128,landscape,15
"C:/Miroslav/Antas Line priprema za sajt/ergomat/optim galerija/PRODUCT_Matting.jpg","ergomat/optim galerija",PRODUCT_Matting.jpg,1000,218,landscape,59
"C:/Miroslav/Antas Line priprema za sajt/ergomat/optim galerija/Softline-presek.jpg","ergomat/optim galerija",Softline-presek.jpg,255,155,landscape,8
"C:/Miroslav/Antas Line priprema za sajt/ergomat/Soft Air Meter 2.webp",ergomat,"Soft Air Meter 2.webp",1000,623,landscape,86
"C:/Miroslav/Antas Line priprema za sajt/ergomat/Soft Air Meter postavljene.webp",ergomat,"Soft Air Meter postavljene.webp",800,531,landscape,109
"C:/Miroslav/Antas Line priprema za sajt/ergomat/Soft Air Meter.webp",ergomat,"Soft Air Meter.webp",1000,623,landscape,83
"C:/Miroslav/Antas Line priprema za sajt/ergomat/softair meter u rolnama.webp",ergomat,"softair meter u rolnama.webp",800,531,landscape,49
"C:/Miroslav/Antas Line priprema za sajt/ergomat/solido 1.webp",ergomat,"solido 1.webp",1000,623,landscape,112
"C:/Miroslav/Antas Line priprema za sajt/ergomat/stajanje na ergonomskim podlogama.webp",ergomat,"stajanje na ergonomskim podlogama.webp",800,531,landscape,132
"C:/Miroslav/Antas Line priprema za sajt/ergomat/Supersoft Smooth – PU.webp",ergomat,"Supersoft Smooth – PU.webp",1000,623,landscape,19
"C:/Miroslav/Antas Line priprema za sajt/filip moris/27858152_1295569833920173_5848352539059786691_n.jpg","filip moris",27858152_1295569833920173_5848352539059786691_n.jpg,720,960,portrait,118
"C:/Miroslav/Antas Line priprema za sajt/filip moris/27858775_1295569907253499_5633636737151693346_n.jpg","filip moris",27858775_1295569907253499_5633636737151693346_n.jpg,720,960,portrait,64
"C:/Miroslav/Antas Line priprema za sajt/filip moris/28055873_1295569877253502_6466400385248354435_n.jpg","filip moris",28055873_1295569877253502_6466400385248354435_n.jpg,720,960,portrait,36
"C:/Miroslav/Antas Line priprema za sajt/filip moris/sajt/eccotile-industrijski-podovi.jpg","filip moris/sajt",eccotile-industrijski-podovi.jpg,720,960,portrait,108
"C:/Miroslav/Antas Line priprema za sajt/filip moris/sajt/ecotile-flooring.jpg","filip moris/sajt",ecotile-flooring.jpg,648,485,landscape,39
"C:/Miroslav/Antas Line priprema za sajt/filip moris/sajt/ecotile-ploce.jpg","filip moris/sajt",ecotile-ploce.jpg,960,720,landscape,32
"C:/Miroslav/Antas Line priprema za sajt/filip moris/sajt/ecotiles.jpg","filip moris/sajt",ecotiles.jpg,720,960,portrait,59
"C:/Miroslav/Antas Line priprema za sajt/ikonice/download.png",ikonice,download.png,200,200,kvadrat,3
"C:/Miroslav/Antas Line priprema za sajt/ikonice/SugApp_Icon_Warehouse.png",ikonice,SugApp_Icon_Warehouse.png,200,200,kvadrat,3
"C:/Miroslav/Antas Line priprema za sajt/IMG_20180410_173433.jpg",.,IMG_20180410_173433.jpg,2976,3968,portrait,3004
"C:/Miroslav/Antas Line priprema za sajt/IMG_20180410_173439.jpg",.,IMG_20180410_173439.jpg,3968,2976,landscape,3071
"C:/Miroslav/Antas Line priprema za sajt/industrijski podovi/18001_ohsas.png","industrijski podovi",18001_ohsas.png,200,200,kvadrat,49
"C:/Miroslav/Antas Line priprema za sajt/industrijski podovi/epoksid VS Ecotile/epoksidni pod.jpg","industrijski podovi/epoksid VS Ecotile","epoksidni pod.jpg",600,450,landscape,85
"C:/Miroslav/Antas Line priprema za sajt/industrijski podovi/epoksid VS Ecotile/epoksidni podovi.jpg","industrijski podovi/epoksid VS Ecotile","epoksidni podovi.jpg",960,640,landscape,204
"C:/Miroslav/Antas Line priprema za sajt/industrijski podovi/epoksid VS Ecotile/epoksidni-podovi-ili-Ecotile.jpg","industrijski podovi/epoksid VS Ecotile",epoksidni-podovi-ili-Ecotile.jpg,800,600,landscape,100
"C:/Miroslav/Antas Line priprema za sajt/industrijski podovi/industrijski-podovi-ecotile.jpg","industrijski podovi",industrijski-podovi-ecotile.jpg,960,393,landscape,95
"C:/Miroslav/Antas Line priprema za sajt/industrijski podovi/industrijski-podovi-ecotiles.jpg","industrijski podovi",industrijski-podovi-ecotiles.jpg,960,393,landscape,95
"C:/Miroslav/Antas Line priprema za sajt/industrijski podovi/pod za industriju.jpg","industrijski podovi","pod za industriju.jpg",720,960,portrait,54
"C:/Miroslav/Antas Line priprema za sajt/industrijski podovi/pod-za-industriju1.jpg","industrijski podovi",pod-za-industriju1.jpg,590,393,landscape,66
"C:/Miroslav/Antas Line priprema za sajt/industrijski podovi/podovi u industriji.jpg","industrijski podovi","podovi u industriji.jpg",1430,804,landscape,324
"C:/Miroslav/Antas Line priprema za sajt/industrijski podovi/SugProd_Icon_E500-10.png","industrijski podovi",SugProd_Icon_E500-10.png,200,200,kvadrat,43
"C:/Miroslav/Antas Line priprema za sajt/industrijski podovi/SugProd_Icon_E500-5.png","industrijski podovi",SugProd_Icon_E500-5.png,200,200,kvadrat,50
"C:/Miroslav/Antas Line priprema za sajt/industrijski podovi/SugProd_Icon_E500-7.png","industrijski podovi",SugProd_Icon_E500-7.png,200,200,kvadrat,29
"C:/Miroslav/Antas Line priprema za sajt/industrijski podovi/SugProd_Icon_ESD.png","industrijski podovi",SugProd_Icon_ESD.png,200,200,kvadrat,59
"C:/Miroslav/Antas Line priprema za sajt/Karusel slike Dekorativne meni/BERGO Unique  (2).jpg","Karusel slike Dekorativne meni","BERGO Unique  (2).jpg",4032,3024,landscape,2529
"C:/Miroslav/Antas Line priprema za sajt/Karusel slike Dekorativne meni/BERGO Unique  (4).JPG","Karusel slike Dekorativne meni","BERGO Unique  (4).JPG",3872,2592,landscape,1216
"C:/Miroslav/Antas Line priprema za sajt/Karusel slike Dekorativne meni/BERGO Unique  (6).jpg","Karusel slike Dekorativne meni","BERGO Unique  (6).jpg",2833,2125,landscape,814
"C:/Miroslav/Antas Line priprema za sajt/Karusel slike Dekorativne meni/BERGO Unique  (7).jpg","Karusel slike Dekorativne meni","BERGO Unique  (7).jpg",2833,2125,landscape,807
"C:/Miroslav/Antas Line priprema za sajt/Karusel slike Dekorativne meni/BERGO XL  (139).jpg","Karusel slike Dekorativne meni","BERGO XL  (139).jpg",3096,1741,landscape,2620
"C:/Miroslav/Antas Line priprema za sajt/Karusel slike Dekorativne meni/BERGO XL  (140).jpg","Karusel slike Dekorativne meni","BERGO XL  (140).jpg",3096,1741,landscape,2748
"C:/Miroslav/Antas Line priprema za sajt/Karusel slike Dekorativne meni/Bergo_Balcony_AB_gf2 (1).jpg","Karusel slike Dekorativne meni","Bergo_Balcony_AB_gf2 (1).jpg",1984,1323,landscape,627
"C:/Miroslav/Antas Line priprema za sajt/Karusel slike Dekorativne meni/Bergo_Briq (16).jpg","Karusel slike Dekorativne meni","Bergo_Briq (16).jpg",3872,2592,landscape,1841
"C:/Miroslav/Antas Line priprema za sajt/Karusel slike Dekorativne meni/Bergo_Briq (24).jpg","Karusel slike Dekorativne meni","Bergo_Briq (24).jpg",2592,3872,portrait,1170
"C:/Miroslav/Antas Line priprema za sajt/Karusel slike Dekorativne meni/Bergo_Elite (12).jpg","Karusel slike Dekorativne meni","Bergo_Elite (12).jpg",2136,3020,portrait,974
"C:/Miroslav/Antas Line priprema za sajt/Karusel slike Dekorativne meni/Bergo_Rolay_8.jpg","Karusel slike Dekorativne meni",Bergo_Rolay_8.jpg,960,640,landscape,322
"C:/Miroslav/Antas Line priprema za sajt/Karusel slike Dekorativne meni/Bergo_Unique (5).jpg","Karusel slike Dekorativne meni","Bergo_Unique (5).jpg",2516,2492,landscape,1241
"C:/Miroslav/Antas Line priprema za sajt/Karusel slike Dekorativne meni/Bergo_Unique (6) - Copy.jpg","Karusel slike Dekorativne meni","Bergo_Unique (6) - Copy.jpg",3872,2592,landscape,1419
"C:/Miroslav/Antas Line priprema za sajt/Karusel slike Dekorativne meni/Bergo_XL_Graphitegrey_Stonegrey_balcony (1).jpg","Karusel slike Dekorativne meni","Bergo_XL_Graphitegrey_Stonegrey_balcony (1).jpg",3149,4724,portrait,3343
"C:/Miroslav/Antas Line priprema za sajt/Karusel slike Dekorativne meni/Bergo_XL_Terracotta_balcony.jpg","Karusel slike Dekorativne meni",Bergo_XL_Terracotta_balcony.jpg,1080,1080,kvadrat,270
"C:/Miroslav/Antas Line priprema za sajt/Karusel slike Dekorativne meni/Bergo_XL_warm_violet.jpg","Karusel slike Dekorativne meni",Bergo_XL_warm_violet.jpg,5478,7304,portrait,3007
"C:/Miroslav/Antas Line priprema za sajt/Karusel slike Dekorativne meni/Piazza Ed Mortimer After 4.jpg","Karusel slike Dekorativne meni","Piazza Ed Mortimer After 4.jpg",4508,3431,landscape,2971
"C:/Miroslav/Antas Line priprema za sajt/Karusel slike Dekorativne meni/podne_obloge_44.jpg","Karusel slike Dekorativne meni",podne_obloge_44.jpg,1642,1094,landscape,519
"C:/Miroslav/Antas Line priprema za sajt/Karusel slike Dekorativne meni/Puro (7 of 182).jpg","Karusel slike Dekorativne meni","Puro (7 of 182).jpg",2224,1699,landscape,911
"C:/Miroslav/Antas Line priprema za sajt/Karusel slike Dekorativne meni/Top Tile.jpg","Karusel slike Dekorativne meni","Top Tile.jpg",3096,1741,landscape,648
"C:/Miroslav/Antas Line priprema za sajt/Karusel slike Dekorativne meni/Vrtic dekorativna JUATgrass (20).jpg","Karusel slike Dekorativne meni","Vrtic dekorativna JUATgrass (20).jpg",3264,1836,landscape,2157
"C:/Miroslav/Antas Line priprema za sajt/Karusel slike Sport  Meni/DEFENCE Sport Court (12).jpg","Karusel slike Sport  Meni","DEFENCE Sport Court (12).jpg",1200,803,landscape,207
"C:/Miroslav/Antas Line priprema za sajt/Karusel slike Sport  Meni/DEFENCE Sport Court (25).jpg","Karusel slike Sport  Meni","DEFENCE Sport Court (25).jpg",960,640,landscape,134
"C:/Miroslav/Antas Line priprema za sajt/Karusel slike Sport  Meni/IMG_2847.jpg","Karusel slike Sport  Meni",IMG_2847.jpg,3264,2448,landscape,5183
"C:/Miroslav/Antas Line priprema za sajt/Karusel slike Sport  Meni/IMG_5416.jpg","Karusel slike Sport  Meni",IMG_5416.jpg,2048,1365,landscape,397
"C:/Miroslav/Antas Line priprema za sajt/Karusel slike Sport  Meni/img_8980.jpg","Karusel slike Sport  Meni",img_8980.jpg,2126,1417,landscape,648
"C:/Miroslav/Antas Line priprema za sajt/Karusel slike Sport  Meni/Kerko Sport - Muurame-29.jpg","Karusel slike Sport  Meni","Kerko Sport - Muurame-29.jpg",1024,665,landscape,584
"C:/Miroslav/Antas Line priprema za sajt/Karusel slike Sport  Meni/L-ngviken_arena.jpg","Karusel slike Sport  Meni",L-ngviken_arena.jpg,1024,681,landscape,206
"C:/Miroslav/Antas Line priprema za sajt/Karusel slike Sport  Meni/ledvice.jpg","Karusel slike Sport  Meni",ledvice.jpg,1024,576,landscape,205
"C:/Miroslav/Antas Line priprema za sajt/Karusel slike Sport  Meni/Maxima Zlatibor (6).jpg","Karusel slike Sport  Meni","Maxima Zlatibor (6).jpg",1024,576,landscape,283
"C:/Miroslav/Antas Line priprema za sajt/Karusel slike Sport  Meni/Maxima Zlatibor (9).jpg","Karusel slike Sport  Meni","Maxima Zlatibor (9).jpg",1024,576,landscape,375
"C:/Miroslav/Antas Line priprema za sajt/Karusel slike Sport  Meni/Multifunkcionalni Nova Varos (5).jpg","Karusel slike Sport  Meni","Multifunkcionalni Nova Varos (5).jpg",1024,768,landscape,389
"C:/Miroslav/Antas Line priprema za sajt/Karusel slike Sport  Meni/news-cachovice.jpg","Karusel slike Sport  Meni",news-cachovice.jpg,1024,683,landscape,300
"C:/Miroslav/Antas Line priprema za sajt/Karusel slike Sport  Meni/news-nova-role.jpg","Karusel slike Sport  Meni",news-nova-role.jpg,1024,685,landscape,265
"C:/Miroslav/Antas Line priprema za sajt/Karusel slike Sport  Meni/news-zbiroh.jpg","Karusel slike Sport  Meni",news-zbiroh.jpg,1024,576,landscape,200
"C:/Miroslav/Antas Line priprema za sajt/Karusel slike Sport  Meni/pardubice-univerzita.jpg","Karusel slike Sport  Meni",pardubice-univerzita.jpg,1024,683,landscape,262
"C:/Miroslav/Antas Line priprema za sajt/Karusel slike Sport  Meni/Petrovac - teren pored mora (134).jpg","Karusel slike Sport  Meni","Petrovac - teren pored mora (134).jpg",3264,1836,landscape,3033
"C:/Miroslav/Antas Line priprema za sajt/Karusel slike Sport  Meni/Prague_Masters___2_.JPG","Karusel slike Sport  Meni",Prague_Masters___2_.JPG,2000,1313,landscape,1403
"C:/Miroslav/Antas Line priprema za sajt/Karusel slike Sport  Meni/Prima School International Beograd - Sport Court Defence.jpg","Karusel slike Sport  Meni","Prima School International Beograd - Sport Court Defence.jpg",1280,960,landscape,104
"C:/Miroslav/Antas Line priprema za sajt/Karusel slike Sport  Meni/RODA montazni teren 3x3 Sport Court (10).jpg","Karusel slike Sport  Meni","RODA montazni teren 3x3 Sport Court (10).jpg",3113,1606,landscape,1529
"C:/Miroslav/Antas Line priprema za sajt/Karusel slike Sport  Meni/SIT-in vestacka trava Sunrise Šabac  (16).jpg","Karusel slike Sport  Meni","SIT-in vestacka trava Sunrise Šabac  (16).jpg",3264,1836,landscape,2158
"C:/Miroslav/Antas Line priprema za sajt/Karusel slike Sport  Meni/Spanoulis Belgrade 3.jpg","Karusel slike Sport  Meni","Spanoulis Belgrade 3.jpg",1024,683,landscape,194
"C:/Miroslav/Antas Line priprema za sajt/Karusel slike Sport  Meni/STRELSKE HOSTICE (21) - det.jpg","Karusel slike Sport  Meni","STRELSKE HOSTICE (21) - det.jpg",3465,2310,landscape,1300
"C:/Miroslav/Antas Line priprema za sajt/Karusel slike Sport  Meni/Supersoft SC Rakovica (33).jpg","Karusel slike Sport  Meni","Supersoft SC Rakovica (33).jpg",3264,1836,landscape,2159
"C:/Miroslav/Antas Line priprema za sajt/kosarkaski teren/dimenzije terena za kosarku.png","kosarkaski teren","dimenzije terena za kosarku.png",781,434,landscape,72
"C:/Miroslav/Antas Line priprema za sajt/kosarkaski teren/okretanje ploca.png","kosarkaski teren","okretanje ploca.png",669,192,landscape,135
"C:/Miroslav/Antas Line priprema za sajt/kosarkaski teren/postavljanje kosarkaskog terena D.png","kosarkaski teren","postavljanje kosarkaskog terena D.png",463,177,landscape,127
"C:/Miroslav/Antas Line priprema za sajt/kosarkaski teren/postavljanje kosarkaskog terena e.png","kosarkaski teren","postavljanje kosarkaskog terena e.png",666,215,landscape,108
"C:/Miroslav/Antas Line priprema za sajt/kosarkaski teren/postavljanje kosarkaskog terena HI.png","kosarkaski teren","postavljanje kosarkaskog terena HI.png",737,611,landscape,397
"C:/Miroslav/Antas Line priprema za sajt/kosarkaski teren/postavljanje kosarkaskog terena.png","kosarkaski teren","postavljanje kosarkaskog terena.png",570,321,landscape,332
"C:/Miroslav/Antas Line priprema za sajt/kosarkaski teren/postavljanje ploca za basket teren.jpg","kosarkaski teren","postavljanje ploca za basket teren.jpg",400,400,kvadrat,48
"C:/Miroslav/Antas Line priprema za sajt/kosarkaski teren/postavljanje ploca za basketaski teren.jpg","kosarkaski teren","postavljanje ploca za basketaski teren.jpg",1280,720,landscape,261
"C:/Miroslav/Antas Line priprema za sajt/kosarkaski teren/teren za basket.jpg","kosarkaski teren","teren za basket.jpg",960,540,landscape,129
"C:/Miroslav/Antas Line priprema za sajt/kosarkaski teren/uputstvo za postavljanje kosarkaskog terena.png","kosarkaski teren","uputstvo za postavljanje kosarkaskog terena.png",672,194,landscape,139
"C:/Miroslav/Antas Line priprema za sajt/mapa.jpg",.,mapa.jpg,1365,281,landscape,60
"C:/Miroslav/Antas Line priprema za sajt/momi.jpg",.,momi.jpg,3968,2976,landscape,1701
"C:/Miroslav/Antas Line priprema za sajt/New folder/teren za tenis.jpg","New folder","teren za tenis.jpg",1008,432,landscape,125
"C:/Miroslav/Antas Line priprema za sajt/novo/ecotile/20150512_101155.jpg",novo/ecotile,20150512_101155.jpg,4128,3096,landscape,2779
"C:/Miroslav/Antas Line priprema za sajt/novo/ecotile/20150512_101206.jpg",novo/ecotile,20150512_101206.jpg,4128,3096,landscape,3827
"C:/Miroslav/Antas Line priprema za sajt/novo/ecotile/20150512_101211.jpg",novo/ecotile,20150512_101211.jpg,4128,3096,landscape,3190
"C:/Miroslav/Antas Line priprema za sajt/novo/ecotile/20150512_101309.jpg",novo/ecotile,20150512_101309.jpg,4128,3096,landscape,3759
"C:/Miroslav/Antas Line priprema za sajt/novo/ecotile/20150512_101430.jpg",novo/ecotile,20150512_101430.jpg,4128,3096,landscape,3494
"C:/Miroslav/Antas Line priprema za sajt/novo/ecotile/20150512_101439.jpg",novo/ecotile,20150512_101439.jpg,4128,3096,landscape,3557
"C:/Miroslav/Antas Line priprema za sajt/novo/ecotile/20150512_101450.jpg",novo/ecotile,20150512_101450.jpg,4128,3096,landscape,3489
"C:/Miroslav/Antas Line priprema za sajt/novo/ecotile/20150512_101454.jpg",novo/ecotile,20150512_101454.jpg,4128,3096,landscape,3653
"C:/Miroslav/Antas Line priprema za sajt/novo/ecotile/20171127_103902.jpg",novo/ecotile,20171127_103902.jpg,4032,3024,landscape,3495
"C:/Miroslav/Antas Line priprema za sajt/novo/ecotile/20171127_103906.jpg",novo/ecotile,20171127_103906.jpg,4032,3024,landscape,3254
"C:/Miroslav/Antas Line priprema za sajt/novo/ecotile/20171127_104524.jpg",novo/ecotile,20171127_104524.jpg,4032,3024,landscape,3026
"C:/Miroslav/Antas Line priprema za sajt/novo/ecotile/20171127_104542.jpg",novo/ecotile,20171127_104542.jpg,4032,3024,landscape,3394
"C:/Miroslav/Antas Line priprema za sajt/novo/ecotile/20171127_104544.jpg",novo/ecotile,20171127_104544.jpg,4032,3024,landscape,3380
"C:/Miroslav/Antas Line priprema za sajt/novo/ecotile/20171127_104556.jpg",novo/ecotile,20171127_104556.jpg,4032,3024,landscape,3516
"C:/Miroslav/Antas Line priprema za sajt/novo/ecotile/20171127_104621.jpg",novo/ecotile,20171127_104621.jpg,4032,3024,landscape,3541
"C:/Miroslav/Antas Line priprema za sajt/novo/ecotile/20171127_104625.jpg",novo/ecotile,20171127_104625.jpg,4032,3024,landscape,3507
"C:/Miroslav/Antas Line priprema za sajt/novo/ecotile/20171127_104706.jpg",novo/ecotile,20171127_104706.jpg,4032,3024,landscape,3742
"C:/Miroslav/Antas Line priprema za sajt/novo/ecotile/20171127_104709.jpg",novo/ecotile,20171127_104709.jpg,4032,3024,landscape,3742
"C:/Miroslav/Antas Line priprema za sajt/novo/ecotile/20171127_104715.jpg",novo/ecotile,20171127_104715.jpg,4032,3024,landscape,3669
"C:/Miroslav/Antas Line priprema za sajt/novo/ecotile/20171127_104730.jpg",novo/ecotile,20171127_104730.jpg,4032,3024,landscape,3163
"C:/Miroslav/Antas Line priprema za sajt/novo/ecotile/20171127_104748.jpg",novo/ecotile,20171127_104748.jpg,4032,3024,landscape,3340
"C:/Miroslav/Antas Line priprema za sajt/novo/ecotile/20171127_104800.jpg",novo/ecotile,20171127_104800.jpg,4032,3024,landscape,3481
"C:/Miroslav/Antas Line priprema za sajt/novo/ecotile/20171127_111232.jpg",novo/ecotile,20171127_111232.jpg,4032,3024,landscape,3432
"C:/Miroslav/Antas Line priprema za sajt/novo/ecotile/20171127_111235.jpg",novo/ecotile,20171127_111235.jpg,4032,3024,landscape,3494
"C:/Miroslav/Antas Line priprema za sajt/novo/ecotile/20171127_111702.jpg",novo/ecotile,20171127_111702.jpg,4032,3024,landscape,3668
"C:/Miroslav/Antas Line priprema za sajt/novo/ecotile/20171127_111721.jpg",novo/ecotile,20171127_111721.jpg,4032,3024,landscape,3840
"C:/Miroslav/Antas Line priprema za sajt/novo/ecotile/20171127_111726.jpg",novo/ecotile,20171127_111726.jpg,4032,3024,landscape,3886
"C:/Miroslav/Antas Line priprema za sajt/novo/ecotile/20171127_111807.jpg",novo/ecotile,20171127_111807.jpg,4032,3024,landscape,3218
"C:/Miroslav/Antas Line priprema za sajt/novo/ecotile/20171127_111809.jpg",novo/ecotile,20171127_111809.jpg,4032,3024,landscape,3294
"C:/Miroslav/Antas Line priprema za sajt/novo/ecotile/20171127_111840.jpg",novo/ecotile,20171127_111840.jpg,4032,3024,landscape,3172
"C:/Miroslav/Antas Line priprema za sajt/novo/ecotile/20171127_111843.jpg",novo/ecotile,20171127_111843.jpg,4032,3024,landscape,3246
"C:/Miroslav/Antas Line priprema za sajt/novo/ecotile/20180216_133716_001.jpg",novo/ecotile,20180216_133716_001.jpg,4032,3024,landscape,3616
"C:/Miroslav/Antas Line priprema za sajt/novo/ecotile/20180216_133849_001.jpg",novo/ecotile,20180216_133849_001.jpg,4032,3024,landscape,2997
"C:/Miroslav/Antas Line priprema za sajt/novo/ecotile/20180329_130640_001.jpg",novo/ecotile,20180329_130640_001.jpg,4032,3024,landscape,2734
"C:/Miroslav/Antas Line priprema za sajt/novo/ecotile/20180329_151719_001.jpg",novo/ecotile,20180329_151719_001.jpg,4032,3024,landscape,2380
"C:/Miroslav/Antas Line priprema za sajt/novo/ecotile/20180329_151731_001.jpg",novo/ecotile,20180329_151731_001.jpg,4032,3024,landscape,2693
"C:/Miroslav/Antas Line priprema za sajt/novo/ecotile/adient 2.jpg",novo/ecotile,"adient 2.jpg",2016,1512,landscape,994
"C:/Miroslav/Antas Line priprema za sajt/novo/ecotile/adient 3.jpg",novo/ecotile,"adient 3.jpg",2268,3024,portrait,1952
"C:/Miroslav/Antas Line priprema za sajt/novo/ecotile/adient 4.jpg",novo/ecotile,"adient 4.jpg",2268,3024,portrait,1878
"C:/Miroslav/Antas Line priprema za sajt/novo/ecotile/adient kragujevac.jpg",novo/ecotile,"adient kragujevac.jpg",960,960,kvadrat,112
"C:/Miroslav/Antas Line priprema za sajt/novo/ecotile/Ecotile - adidas.jpg",novo/ecotile,"Ecotile - adidas.jpg",1280,720,landscape,87
"C:/Miroslav/Antas Line priprema za sajt/novo/ecotile/Ecotile - zubarska ordinacija.jpg",novo/ecotile,"Ecotile - zubarska ordinacija.jpg",1304,984,landscape,250
"C:/Miroslav/Antas Line priprema za sajt/novo/ecotile/Ecotile 5mm - Orion telekom Beograd.JPG",novo/ecotile,"Ecotile 5mm - Orion telekom Beograd.JPG",1632,1224,landscape,413
"C:/Miroslav/Antas Line priprema za sajt/novo/ecotile/Ecotile---adidas.jpg",novo/ecotile,Ecotile---adidas.jpg,1000,667,landscape,86
"C:/Miroslav/Antas Line priprema za sajt/novo/ecotile/LK Armatur Zrenjanin (23).jpg",novo/ecotile,"LK Armatur Zrenjanin (23).jpg",1024,576,landscape,196
"C:/Miroslav/Antas Line priprema za sajt/novo/ecotile/republicki zavod za sport 1.jpg",novo/ecotile,"republicki zavod za sport 1.jpg",720,960,portrait,52
"C:/Miroslav/Antas Line priprema za sajt/novo/ecotile/republicki zavod za sport 2.jpg",novo/ecotile,"republicki zavod za sport 2.jpg",1512,2016,portrait,795
"C:/Miroslav/Antas Line priprema za sajt/novo/slike bergo multisport/ada ciganlija Bergo Mulisport.jpg","novo/slike bergo multisport","ada ciganlija Bergo Mulisport.jpg",960,443,landscape,94
"C:/Miroslav/Antas Line priprema za sajt/novo/slike bergo multisport/ada teren gopro.jpg","novo/slike bergo multisport","ada teren gopro.jpg",1217,681,landscape,359
"C:/Miroslav/Antas Line priprema za sajt/novo/slike bergo multisport/Bergo Multisport  - kosarkaski kamp Pecarski - Zlatibor.jpg","novo/slike bergo multisport","Bergo Multisport  - kosarkaski kamp Pecarski - Zlatibor.jpg",672,378,landscape,101
"C:/Miroslav/Antas Line priprema za sajt/novo/slike bergo multisport/Bergo Multisport - privatni teren - pionirski grad.jpg","novo/slike bergo multisport","Bergo Multisport - privatni teren - pionirski grad.jpg",960,540,landscape,125
"C:/Miroslav/Antas Line priprema za sajt/novo/slike bergo multisport/IMG_20180413_122558.jpg","novo/slike bergo multisport",IMG_20180413_122558.jpg,4160,3120,landscape,5381
"C:/Miroslav/Antas Line priprema za sajt/novo/slike bergo multisport/IMG_20180413_122611.jpg","novo/slike bergo multisport",IMG_20180413_122611.jpg,4160,3120,landscape,3724
"C:/Miroslav/Antas Line priprema za sajt/novo/slike bergo multisport/IMG_20180413_122615.jpg","novo/slike bergo multisport",IMG_20180413_122615.jpg,4160,3120,landscape,5427
"C:/Miroslav/Antas Line priprema za sajt/novo/slike bergo multisport/IMG_20180413_122621.jpg","novo/slike bergo multisport",IMG_20180413_122621.jpg,4160,3120,landscape,4865
"C:/Miroslav/Antas Line priprema za sajt/novo/slike bergo multisport/IMG_20180413_122625.jpg","novo/slike bergo multisport",IMG_20180413_122625.jpg,4160,3120,landscape,5778
"C:/Miroslav/Antas Line priprema za sajt/novo/slike bergo multisport/IMG_20180413_122631.jpg","novo/slike bergo multisport",IMG_20180413_122631.jpg,4160,3120,landscape,5638
"C:/Miroslav/Antas Line priprema za sajt/novo/slike bergo multisport/IMG_20180413_122634.jpg","novo/slike bergo multisport",IMG_20180413_122634.jpg,4160,3120,landscape,4883
"C:/Miroslav/Antas Line priprema za sajt/novo/slike bergo multisport/IMG_20180413_122650.jpg","novo/slike bergo multisport",IMG_20180413_122650.jpg,4160,3120,landscape,5653
"C:/Miroslav/Antas Line priprema za sajt/novo/slike bergo multisport/IMG_20180413_122653.jpg","novo/slike bergo multisport",IMG_20180413_122653.jpg,4160,3120,landscape,6121
"C:/Miroslav/Antas Line priprema za sajt/novo/slike bergo multisport/IMG_20180413_122706.jpg","novo/slike bergo multisport",IMG_20180413_122706.jpg,4160,3120,landscape,4753
"C:/Miroslav/Antas Line priprema za sajt/novo/slike bergo multisport/IMG_20180413_122723.jpg","novo/slike bergo multisport",IMG_20180413_122723.jpg,4160,3120,landscape,4540
"C:/Miroslav/Antas Line priprema za sajt/novo/slike bergo multisport/IMG_20180413_122738.jpg","novo/slike bergo multisport",IMG_20180413_122738.jpg,4160,3120,landscape,4806
"C:/Miroslav/Antas Line priprema za sajt/novo/slike bergo multisport/IMG_20180413_123102.jpg","novo/slike bergo multisport",IMG_20180413_123102.jpg,4160,3120,landscape,4652
"C:/Miroslav/Antas Line priprema za sajt/novo/slike bergo multisport/IMG_20180413_123109.jpg","novo/slike bergo multisport",IMG_20180413_123109.jpg,4160,3120,landscape,4211
"C:/Miroslav/Antas Line priprema za sajt/novo/slike bergo multisport/IMG_20180413_123847.jpg","novo/slike bergo multisport",IMG_20180413_123847.jpg,3120,4160,portrait,4284
"C:/Miroslav/Antas Line priprema za sajt/novo/slike bergo multisport/IMG_20180413_123853.jpg","novo/slike bergo multisport",IMG_20180413_123853.jpg,4160,3120,landscape,4113
"C:/Miroslav/Antas Line priprema za sajt/novo/slike bergo multisport/IMG_20180413_123856.jpg","novo/slike bergo multisport",IMG_20180413_123856.jpg,4160,3120,landscape,4206
"C:/Miroslav/Antas Line priprema za sajt/novo/slike bergo multisport/IMG_20180413_123907.jpg","novo/slike bergo multisport",IMG_20180413_123907.jpg,3120,4160,portrait,4134
"C:/Miroslav/Antas Line priprema za sajt/novo/slike bergo multisport/IMG_20180510_105227.jpg","novo/slike bergo multisport",IMG_20180510_105227.jpg,4160,3120,landscape,3688
"C:/Miroslav/Antas Line priprema za sajt/novo/slike bergo multisport/IMG_20180510_120332.jpg","novo/slike bergo multisport",IMG_20180510_120332.jpg,4160,3120,landscape,5316
"C:/Miroslav/Antas Line priprema za sajt/novo/slike bergo multisport/IMG_20180510_120349.jpg","novo/slike bergo multisport",IMG_20180510_120349.jpg,3120,4160,portrait,4617
"C:/Miroslav/Antas Line priprema za sajt/novo/slike bergo multisport/IMG_20180510_120357.jpg","novo/slike bergo multisport",IMG_20180510_120357.jpg,4160,3120,landscape,4930
"C:/Miroslav/Antas Line priprema za sajt/novo/slike bergo multisport/IMG_20180510_120406.jpg","novo/slike bergo multisport",IMG_20180510_120406.jpg,4160,3120,landscape,4269
"C:/Miroslav/Antas Line priprema za sajt/novo/slike bergo multisport/IMG_20180510_120426.jpg","novo/slike bergo multisport",IMG_20180510_120426.jpg,3120,4160,portrait,3605
"C:/Miroslav/Antas Line priprema za sajt/novo/slike bergo multisport/IMG_20180510_120443.jpg","novo/slike bergo multisport",IMG_20180510_120443.jpg,4160,3120,landscape,4763
"C:/Miroslav/Antas Line priprema za sajt/novo/slike bergo multisport/IMG_20180510_120450.jpg","novo/slike bergo multisport",IMG_20180510_120450.jpg,3120,4160,portrait,4302
"C:/Miroslav/Antas Line priprema za sajt/novo/slike bergo multisport/IMG_20180510_120458.jpg","novo/slike bergo multisport",IMG_20180510_120458.jpg,3120,4160,portrait,4946
"C:/Miroslav/Antas Line priprema za sajt/novo/slike bergo multisport/IMG_20180510_120504.jpg","novo/slike bergo multisport",IMG_20180510_120504.jpg,4160,3120,landscape,5596
"C:/Miroslav/Antas Line priprema za sajt/novo/slike bergo multisport/IMG_20180510_131408.jpg","novo/slike bergo multisport",IMG_20180510_131408.jpg,4160,3120,landscape,2560
"C:/Miroslav/Antas Line priprema za sajt/novo/slike bergo multisport/IMG_20180510_132136.jpg","novo/slike bergo multisport",IMG_20180510_132136.jpg,3120,4160,portrait,4921
"C:/Miroslav/Antas Line priprema za sajt/novo/slike bergo multisport/IMG_20180510_132154.jpg","novo/slike bergo multisport",IMG_20180510_132154.jpg,4160,3120,landscape,4475
"C:/Miroslav/Antas Line priprema za sajt/novo/slike bergo multisport/IMG_20180510_132202.jpg","novo/slike bergo multisport",IMG_20180510_132202.jpg,4160,3120,landscape,3108
"C:/Miroslav/Antas Line priprema za sajt/novo/slike bergo multisport/IMG_20180510_132204.jpg","novo/slike bergo multisport",IMG_20180510_132204.jpg,3120,4160,portrait,4084
"C:/Miroslav/Antas Line priprema za sajt/novo/slike bergo multisport/IMG_20180510_132209.jpg","novo/slike bergo multisport",IMG_20180510_132209.jpg,4160,3120,landscape,4439
"C:/Miroslav/Antas Line priprema za sajt/novo/slike bergo multisport/IMG_20180510_132607.jpg","novo/slike bergo multisport",IMG_20180510_132607.jpg,4160,3120,landscape,3835
"C:/Miroslav/Antas Line priprema za sajt/novo/slike bergo multisport/IMG_20180510_132612.jpg","novo/slike bergo multisport",IMG_20180510_132612.jpg,3120,4160,portrait,3882
"C:/Miroslav/Antas Line priprema za sajt/novo/slike bergo multisport/IMG_20180510_132615.jpg","novo/slike bergo multisport",IMG_20180510_132615.jpg,4160,3120,landscape,3620
"C:/Miroslav/Antas Line priprema za sajt/novo/slike bergo multisport/IMG_20180615_174934_resized_20180626_060520212.jpg","novo/slike bergo multisport",IMG_20180615_174934_resized_20180626_060520212.jpg,2080,1560,landscape,1083
"C:/Miroslav/Antas Line priprema za sajt/novo/slike bergo multisport/IMG_2531 (2).jpg","novo/slike bergo multisport","IMG_2531 (2).jpg",3264,2448,landscape,1708
"C:/Miroslav/Antas Line priprema za sajt/novo/slike bergo multisport/IMG_2532 (2).jpg","novo/slike bergo multisport","IMG_2532 (2).jpg",3264,2448,landscape,1931
"C:/Miroslav/Antas Line priprema za sajt/novo/slike bergo multisport/sportske-podloge-multifunkcionalne.jpg","novo/slike bergo multisport",sportske-podloge-multifunkcionalne.jpg,666,1000,portrait,122
"C:/Miroslav/Antas Line priprema za sajt/novo/slike bergo multisport/Srebrenica manje 1 (2).jpg","novo/slike bergo multisport","Srebrenica manje 1 (2).jpg",1403,1052,landscape,290
"C:/Miroslav/Antas Line priprema za sajt/novo/slike bergo multisport/Srebrenica manje 3 (2).jpg","novo/slike bergo multisport","Srebrenica manje 3 (2).jpg",1403,1052,landscape,361
"C:/Miroslav/Antas Line priprema za sajt/novo/slike bergo multisport/Srebrenica manje 4 (2).jpg","novo/slike bergo multisport","Srebrenica manje 4 (2).jpg",1403,1052,landscape,402
"C:/Miroslav/Antas Line priprema za sajt/novo/slike bergo multisport/teren-za-rukomet.jpg","novo/slike bergo multisport",teren-za-rukomet.jpg,750,500,landscape,69
"C:/Miroslav/Antas Line priprema za sajt/novo/spnulis/Spanoulis-Belgrade-(1).jpg",novo/spnulis,Spanoulis-Belgrade-(1).jpg,800,534,landscape,102
"C:/Miroslav/Antas Line priprema za sajt/novo/spnulis/Spanoulis-Belgrade-(14).jpg",novo/spnulis,Spanoulis-Belgrade-(14).jpg,800,450,landscape,96
"C:/Miroslav/Antas Line priprema za sajt/novo/spnulis/Spanoulis-Belgrade-(15).jpg",novo/spnulis,Spanoulis-Belgrade-(15).jpg,800,450,landscape,96
"C:/Miroslav/Antas Line priprema za sajt/novo/spnulis/Spanoulis-Belgrade-(17).jpg",novo/spnulis,Spanoulis-Belgrade-(17).jpg,800,450,landscape,102
"C:/Miroslav/Antas Line priprema za sajt/novo/spnulis/Spanoulis-Belgrade-(18).jpg",novo/spnulis,Spanoulis-Belgrade-(18).jpg,675,1200,portrait,618
"C:/Miroslav/Antas Line priprema za sajt/novo/spnulis/Spanoulis-Belgrade-(19).jpg",novo/spnulis,Spanoulis-Belgrade-(19).jpg,800,450,landscape,91
"C:/Miroslav/Antas Line priprema za sajt/novo/spnulis/Spanoulis-Belgrade-(4).jpg",novo/spnulis,Spanoulis-Belgrade-(4).jpg,800,600,landscape,99
"C:/Miroslav/Antas Line priprema za sajt/novo/spnulis/Spanoulis-Belgrade-(5).jpg",novo/spnulis,Spanoulis-Belgrade-(5).jpg,800,533,landscape,94
"C:/Miroslav/Antas Line priprema za sajt/novo/spnulis/Spanoulis-Belgrade-(7).jpg",novo/spnulis,Spanoulis-Belgrade-(7).jpg,800,533,landscape,89
"C:/Miroslav/Antas Line priprema za sajt/novo/spnulis/Spanoulis-Belgrade-court.jpg",novo/spnulis,Spanoulis-Belgrade-court.jpg,788,322,landscape,87
"C:/Miroslav/Antas Line priprema za sajt/novo/spnulis/spanouliscourt1.jpg",novo/spnulis,spanouliscourt1.jpg,800,449,landscape,65
"C:/Miroslav/Antas Line priprema za sajt/novo/spnulis/spanouliscourt12.jpg",novo/spnulis,spanouliscourt12.jpg,800,450,landscape,52
"C:/Miroslav/Antas Line priprema za sajt/novo/spnulis/spanouliscourt13.jpg",novo/spnulis,spanouliscourt13.jpg,800,450,landscape,59
"C:/Miroslav/Antas Line priprema za sajt/novo/spnulis/spanouliscourt18.jpg",novo/spnulis,spanouliscourt18.jpg,800,450,landscape,63
"C:/Miroslav/Antas Line priprema za sajt/novo/spnulis/spanouliscourt27.jpg",novo/spnulis,spanouliscourt27.jpg,800,450,landscape,56
"C:/Miroslav/Antas Line priprema za sajt/novo/spnulis/spanouliscourt4.jpg",novo/spnulis,spanouliscourt4.jpg,800,450,landscape,72
"C:/Miroslav/Antas Line priprema za sajt/novo/spnulis/Spanulis-Otvara-Teren.jpg",novo/spnulis,Spanulis-Otvara-Teren.jpg,800,534,landscape,53
"C:/Miroslav/Antas Line priprema za sajt/novo/sportcourt/Ecotile - zubarska ordinacija.jpg",novo/sportcourt,"Ecotile - zubarska ordinacija.jpg",1304,984,landscape,250
"C:/Miroslav/Antas Line priprema za sajt/novo/sportcourt/Roda -KSS turnir.jpg",novo/sportcourt,"Roda -KSS turnir.jpg",960,374,landscape,54
"C:/Miroslav/Antas Line priprema za sajt/novo/teren-za-rukomet.png",novo,teren-za-rukomet.png,800,500,landscape,775
"C:/Miroslav/Antas Line priprema za sajt/pod za garaze/AMSS-(1).jpg","pod za garaze",AMSS-(1).jpg,800,450,landscape,55
"C:/Miroslav/Antas Line priprema za sajt/pod za garaze/AMSS-(11).jpg","pod za garaze",AMSS-(11).jpg,800,1067,portrait,74
"C:/Miroslav/Antas Line priprema za sajt/pod za garaze/pod-za-garazu.jpg","pod za garaze",pod-za-garazu.jpg,800,328,landscape,37
"C:/Miroslav/Antas Line priprema za sajt/pod za garaze/podovi-za-garaze-i-autoservise.jpg","pod za garaze",podovi-za-garaze-i-autoservise.jpg,450,600,portrait,27
"C:/Miroslav/Antas Line priprema za sajt/podovi za terasu/podovi-za-terase-bergo.jpg","podovi za terasu",podovi-za-terase-bergo.jpg,550,368,landscape,44
"C:/Miroslav/Antas Line priprema za sajt/podovi za terasu/podovi-za-terasu.jpg","podovi za terasu",podovi-za-terasu.jpg,1000,410,landscape,91
"C:/Miroslav/Antas Line priprema za sajt/pre i posle/ecotile-posle.jpg","pre i posle",ecotile-posle.jpg,634,473,landscape,214
"C:/Miroslav/Antas Line priprema za sajt/pre i posle/ecotile-posle2.jpg","pre i posle",ecotile-posle2.jpg,634,363,landscape,28
"C:/Miroslav/Antas Line priprema za sajt/pre i posle/ecotile-pre.jpg","pre i posle",ecotile-pre.jpg,634,473,landscape,191
"C:/Miroslav/Antas Line priprema za sajt/pre i posle/ecotile-pre2.jpg","pre i posle",ecotile-pre2.jpg,634,363,landscape,39
"C:/Miroslav/Antas Line priprema za sajt/pula teren/32367261_1359075254236297_1012569188918624256_n.jpg","pula teren",32367261_1359075254236297_1012569188918624256_n.jpg,960,540,landscape,93
"C:/Miroslav/Antas Line priprema za sajt/pula teren/32387159_1359073087569847_6804821771464736768_n.jpg","pula teren",32387159_1359073087569847_6804821771464736768_n.jpg,960,540,landscape,138
"C:/Miroslav/Antas Line priprema za sajt/pula teren/32414353_1962179453805983_2615079202826747904_n.jpg","pula teren",32414353_1962179453805983_2615079202826747904_n.jpg,960,720,landscape,85
"C:/Miroslav/Antas Line priprema za sajt/pula teren/32430255_1962179730472622_2972122690296479744_n.jpg","pula teren",32430255_1962179730472622_2972122690296479744_n.jpg,960,720,landscape,119
"C:/Miroslav/Antas Line priprema za sajt/pula teren/32461441_1962179340472661_5833208273989271552_n.jpg","pula teren",32461441_1962179340472661_5833208273989271552_n.jpg,960,720,landscape,113
"C:/Miroslav/Antas Line priprema za sajt/pula teren/32478053_1359075380902951_844033551237120000_n.jpg","pula teren",32478053_1359075380902951_844033551237120000_n.jpg,960,540,landscape,101
"C:/Miroslav/Antas Line priprema za sajt/pula teren/32486466_1962178717139390_2507620826182844416_n.jpg","pula teren",32486466_1962178717139390_2507620826182844416_n.jpg,960,720,landscape,94
"C:/Miroslav/Antas Line priprema za sajt/pula teren/32491995_1962178957139366_3569542706910724096_n.jpg","pula teren",32491995_1962178957139366_3569542706910724096_n.jpg,960,720,landscape,93
"C:/Miroslav/Antas Line priprema za sajt/pula teren/32561146_1962179607139301_7745519789400915968_n.jpg","pula teren",32561146_1962179607139301_7745519789400915968_n.jpg,960,720,landscape,105
"C:/Miroslav/Antas Line priprema za sajt/pula teren/32566575_1359074340903055_7020863200593707008_n.jpg","pula teren",32566575_1359074340903055_7020863200593707008_n.jpg,960,540,landscape,110
"C:/Miroslav/Antas Line priprema za sajt/pula teren/sajt/kosarkaski-teren-pula.jpg","pula teren/sajt",kosarkaski-teren-pula.jpg,720,540,landscape,46
"C:/Miroslav/Antas Line priprema za sajt/pula teren/sajt/kosarkaski-teren-pula02.jpg","pula teren/sajt",kosarkaski-teren-pula02.jpg,720,540,landscape,59
"C:/Miroslav/Antas Line priprema za sajt/pula teren/sajt/kosarkaski-teren-pula03.jpg","pula teren/sajt",kosarkaski-teren-pula03.jpg,720,540,landscape,55
"C:/Miroslav/Antas Line priprema za sajt/pula teren/sajt/kosarkaski-teren-pula04.jpg","pula teren/sajt",kosarkaski-teren-pula04.jpg,720,540,landscape,46
"C:/Miroslav/Antas Line priprema za sajt/pula teren/sajt/kosarkaski-teren-pula05.jpg","pula teren/sajt",kosarkaski-teren-pula05.jpg,720,540,landscape,47
"C:/Miroslav/Antas Line priprema za sajt/reference/100px-Rolls-royce.svg.png",reference,100px-Rolls-royce.svg.png,110,180,portrait,18
"C:/Miroslav/Antas Line priprema za sajt/reference/220px-Adidas_Logo.svg.png",reference,220px-Adidas_Logo.svg.png,266,180,landscape,10
"C:/Miroslav/Antas Line priprema za sajt/reference/250px-Royal_Mail_svg.png",reference,250px-Royal_Mail_svg.png,261,180,landscape,19
"C:/Miroslav/Antas Line priprema za sajt/reference/adient.jpg",reference,adient.jpg,350,180,landscape,5
"C:/Miroslav/Antas Line priprema za sajt/reference/aik backa topola.png",reference,"aik backa topola.png",197,88,landscape,5
"C:/Miroslav/Antas Line priprema za sajt/reference/aik-backa-topola.png",reference,aik-backa-topola.png,403,180,landscape,38
"C:/Miroslav/Antas Line priprema za sajt/reference/baner_amss_cmv.png",reference,baner_amss_cmv.png,352,180,landscape,30
"C:/Miroslav/Antas Line priprema za sajt/reference/bosch-un-turkiye-ye-guveni-tam-1480914119.jpg",reference,bosch-un-turkiye-ye-guveni-tam-1480914119.jpg,640,352,landscape,20
"C:/Miroslav/Antas Line priprema za sajt/reference/bosch.jpg",reference,bosch.jpg,702,180,landscape,23
"C:/Miroslav/Antas Line priprema za sajt/reference/Hitachi_Logo.png",reference,Hitachi_Logo.png,1038,180,landscape,19
"C:/Miroslav/Antas Line priprema za sajt/reference/Hitachi_Logo.svg.png",reference,Hitachi_Logo.svg.png,1280,222,landscape,16
"C:/Miroslav/Antas Line priprema za sajt/reference/orion telekom logo.jpg",reference,"orion telekom logo.jpg",500,171,landscape,15
"C:/Miroslav/Antas Line priprema za sajt/reference/orion-telekom-logo.jpg",reference,orion-telekom-logo.jpg,526,180,landscape,11
"C:/Miroslav/Antas Line priprema za sajt/reference/philip-morris-international-logo.jpg",reference,philip-morris-international-logo.jpg,207,180,landscape,10
"C:/Miroslav/Antas Line priprema za sajt/reference/Pirelli-logo-3840x2160.png",reference,Pirelli-logo-3840x2160.png,3840,2160,landscape,86
"C:/Miroslav/Antas Line priprema za sajt/reference/Pirelli-logo.png",reference,Pirelli-logo.png,612,180,landscape,7
"C:/Miroslav/Antas Line priprema za sajt/reference/Vinca_Logo.png",reference,Vinca_Logo.png,224,180,landscape,39
"C:/Miroslav/Antas Line priprema za sajt/SC Defence/AFC.jpg","SC Defence",AFC.jpg,156,187,portrait,5
"C:/Miroslav/Antas Line priprema za sajt/SC Defence/dansatout1 - Copy.jpg","SC Defence","dansatout1 - Copy.jpg",800,600,landscape,70
"C:/Miroslav/Antas Line priprema za sajt/SC Defence/dansatout1.jpg","SC Defence",dansatout1.jpg,800,600,landscape,70
"C:/Miroslav/Antas Line priprema za sajt/SC Defence/Defence ploca slika.jpg","SC Defence","Defence ploca slika.jpg",2976,3968,portrait,5155
"C:/Miroslav/Antas Line priprema za sajt/SC Defence/DEFENCE Sport Court (12).jpg","SC Defence","DEFENCE Sport Court (12).jpg",1200,803,landscape,207
"C:/Miroslav/Antas Line priprema za sajt/SC Defence/DEFENCE Sport Court (22).jpg","SC Defence","DEFENCE Sport Court (22).jpg",1200,803,landscape,200
"C:/Miroslav/Antas Line priprema za sajt/SC Defence/DEFENCE Sport Court (36).JPG","SC Defence","DEFENCE Sport Court (36).JPG",640,480,landscape,52
"C:/Miroslav/Antas Line priprema za sajt/SC Defence/DEFENCE Sport Court (40).jpg","SC Defence","DEFENCE Sport Court (40).jpg",750,494,landscape,101
"C:/Miroslav/Antas Line priprema za sajt/SC Defence/DEFENCE Sport Court (6).jpg","SC Defence","DEFENCE Sport Court (6).jpg",800,600,landscape,62
"C:/Miroslav/Antas Line priprema za sajt/SC Defence/McCrone_2012_(3)-XL.jpg","SC Defence",McCrone_2012_(3)-XL.jpg,1024,768,landscape,138
"C:/Miroslav/Antas Line priprema za sajt/SC Defence/Prima School International Beograd - Sport Court Defence.jpg","SC Defence","Prima School International Beograd - Sport Court Defence.jpg",1280,960,landscape,104
"C:/Miroslav/Antas Line priprema za sajt/SC Defence/SC Defence.jpg","SC Defence","SC Defence.jpg",2554,2615,portrait,1169
"C:/Miroslav/Antas Line priprema za sajt/SC Defence/Sport court futsal.JPG","SC Defence","Sport court futsal.JPG",800,496,landscape,115
"C:/Miroslav/Antas Line priprema za sajt/SC Defence/Standardne boje SC Defence.jpg","SC Defence","Standardne boje SC Defence.jpg",1091,181,landscape,35
"C:/Miroslav/Antas Line priprema za sajt/SC Power Game/3x3logo.png","SC Power Game",3x3logo.png,343,147,landscape,4
"C:/Miroslav/Antas Line priprema za sajt/SC Power Game/backyard-basketball-sport-court-central1.jpg","SC Power Game",backyard-basketball-sport-court-central1.jpg,790,592,landscape,142
"C:/Miroslav/Antas Line priprema za sajt/SC Power Game/bwf.jpg","SC Power Game",bwf.jpg,310,163,landscape,13
"C:/Miroslav/Antas Line priprema za sajt/SC Power Game/FIBA 3 x 3 WT Lausanne 2017 #2.jpg","SC Power Game","FIBA 3 x 3 WT Lausanne 2017 #2.jpg",1280,854,landscape,302
"C:/Miroslav/Antas Line priprema za sajt/SC Power Game/fiba logo.jpg","SC Power Game","fiba logo.jpg",314,161,landscape,12
"C:/Miroslav/Antas Line priprema za sajt/SC Power Game/FIVB.jpg","SC Power Game",FIVB.jpg,290,174,landscape,10
"C:/Miroslav/Antas Line priprema za sajt/SC Power Game/gerflor-sport-court-launch-pr-img4-resize.jpg","SC Power Game",gerflor-sport-court-launch-pr-img4-resize.jpg,800,600,landscape,508
"C:/Miroslav/Antas Line priprema za sajt/SC Power Game/HU Vonyarcvashegy PG 2016 #1.JPG","SC Power Game","HU Vonyarcvashegy PG 2016 #1.JPG",1280,960,landscape,201
"C:/Miroslav/Antas Line priprema za sajt/SC Power Game/ncaa.jpg","SC Power Game",ncaa.jpg,300,168,landscape,4
"C:/Miroslav/Antas Line priprema za sajt/SC Power Game/news-liberec-zs-svermova.jpg","SC Power Game",news-liberec-zs-svermova.jpg,1024,683,landscape,253
"C:/Miroslav/Antas Line priprema za sajt/SC Power Game/Prague_Masters___2_.JPG","SC Power Game",Prague_Masters___2_.JPG,2000,1313,landscape,1403
"C:/Miroslav/Antas Line priprema za sajt/SC Power Game/RODA montazni teren 3x3 Sport Court (7).jpg","SC Power Game","RODA montazni teren 3x3 Sport Court (7).jpg",3264,1836,landscape,1939
"C:/Miroslav/Antas Line priprema za sajt/SC Power Game/SC Estonia PG basketball court100.jpg","SC Power Game","SC Estonia PG basketball court100.jpg",800,600,landscape,118
"C:/Miroslav/Antas Line priprema za sajt/SC Power Game/SC logo.jpg","SC Power Game","SC logo.jpg",323,323,kvadrat,38
"C:/Miroslav/Antas Line priprema za sajt/SC Power Game/SC Pennsilvania kiwi-grey.jpg","SC Power Game","SC Pennsilvania kiwi-grey.jpg",600,449,landscape,81
"C:/Miroslav/Antas Line priprema za sajt/SC Power Game/SC PowerGame.jpg","SC Power Game","SC PowerGame.jpg",2760,2753,landscape,3875
"C:/Miroslav/Antas Line priprema za sajt/SC Power Game/Sertifikati IHF.jpg","SC Power Game","Sertifikati IHF.jpg",1024,632,landscape,73
"C:/Miroslav/Antas Line priprema za sajt/SC Power Game/Sertifikati slika.jpg","SC Power Game","Sertifikati slika.jpg",697,75,landscape,24
"C:/Miroslav/Antas Line priprema za sajt/SC Power Game/Stnadardne boje SC PowerGame_1.jpg","SC Power Game","Stnadardne boje SC PowerGame_1.jpg",883,398,landscape,37
"C:/Miroslav/Antas Line priprema za sajt/SC Power Game/Stnadardne boje SC PowerGame_2.jpg","SC Power Game","Stnadardne boje SC PowerGame_2.jpg",883,400,landscape,23
"C:/Miroslav/Antas Line priprema za sajt/SC Power Game/TongaFIFAGOAL20152.JPG","SC Power Game",TongaFIFAGOAL20152.JPG,1280,960,landscape,208
"C:/Miroslav/Antas Line priprema za sajt/SC Power Game/ussoccer.png","SC Power Game",ussoccer.png,277,182,landscape,8
"C:/Miroslav/Antas Line priprema za sajt/SIT In Dekorativna/Dekorativna slika.jpg","SIT In Dekorativna","Dekorativna slika.jpg",480,359,landscape,159
"C:/Miroslav/Antas Line priprema za sajt/SIT In Dekorativna/Sit In dekorat  (1).jpg","SIT In Dekorativna","Sit In dekorat  (1).jpg",960,540,landscape,210
"C:/Miroslav/Antas Line priprema za sajt/SIT In Dekorativna/Sit In dekorat  (2).jpg","SIT In Dekorativna","Sit In dekorat  (2).jpg",799,600,landscape,264
"C:/Miroslav/Antas Line priprema za sajt/SIT In Dekorativna/Sit In dekorat  (3).jpg","SIT In Dekorativna","Sit In dekorat  (3).jpg",960,540,landscape,176
"C:/Miroslav/Antas Line priprema za sajt/SIT In Dekorativna/Sit In dekorat (1).jpg","SIT In Dekorativna","Sit In dekorat (1).jpg",960,539,landscape,41
"C:/Miroslav/Antas Line priprema za sajt/SIT In Dekorativna/Sit In dekorat (10).jpg","SIT In Dekorativna","Sit In dekorat (10).jpg",960,720,landscape,201
"C:/Miroslav/Antas Line priprema za sajt/SIT In Dekorativna/Sit In dekorat (11).jpg","SIT In Dekorativna","Sit In dekorat (11).jpg",960,720,landscape,145
"C:/Miroslav/Antas Line priprema za sajt/SIT In Dekorativna/Sit In dekorat (12).jpg","SIT In Dekorativna","Sit In dekorat (12).jpg",960,720,landscape,143
"C:/Miroslav/Antas Line priprema za sajt/SIT In Dekorativna/Sit In dekorat (13).jpg","SIT In Dekorativna","Sit In dekorat (13).jpg",960,720,landscape,94
"C:/Miroslav/Antas Line priprema za sajt/SIT In Dekorativna/Sit In dekorat (14).jpg","SIT In Dekorativna","Sit In dekorat (14).jpg",960,540,landscape,183
"C:/Miroslav/Antas Line priprema za sajt/SIT In Dekorativna/Sit In dekorat (15).jpg","SIT In Dekorativna","Sit In dekorat (15).jpg",960,540,landscape,122
"C:/Miroslav/Antas Line priprema za sajt/SIT In Dekorativna/Sit In dekorat (16).jpg","SIT In Dekorativna","Sit In dekorat (16).jpg",960,539,landscape,220
"C:/Miroslav/Antas Line priprema za sajt/SIT In Dekorativna/Sit In dekorat (17).jpg","SIT In Dekorativna","Sit In dekorat (17).jpg",960,540,landscape,221
"C:/Miroslav/Antas Line priprema za sajt/SIT In Dekorativna/Sit In dekorat (18).jpg","SIT In Dekorativna","Sit In dekorat (18).jpg",960,540,landscape,156
"C:/Miroslav/Antas Line priprema za sajt/SIT In Dekorativna/Sit In dekorat (19).jpg","SIT In Dekorativna","Sit In dekorat (19).jpg",960,540,landscape,105
"C:/Miroslav/Antas Line priprema za sajt/SIT In Dekorativna/Sit In dekorat (2).jpg","SIT In Dekorativna","Sit In dekorat (2).jpg",960,720,landscape,112
"C:/Miroslav/Antas Line priprema za sajt/SIT In Dekorativna/Sit In dekorat (20).jpg","SIT In Dekorativna","Sit In dekorat (20).jpg",960,539,landscape,41
"C:/Miroslav/Antas Line priprema za sajt/SIT In Dekorativna/Sit In dekorat (21).jpg","SIT In Dekorativna","Sit In dekorat (21).jpg",960,540,landscape,66
"C:/Miroslav/Antas Line priprema za sajt/SIT In Dekorativna/Sit In dekorat (22).jpg","SIT In Dekorativna","Sit In dekorat (22).jpg",960,540,landscape,91
"C:/Miroslav/Antas Line priprema za sajt/SIT In Dekorativna/Sit In dekorat (3).jpg","SIT In Dekorativna","Sit In dekorat (3).jpg",960,720,landscape,175
"C:/Miroslav/Antas Line priprema za sajt/SIT In Dekorativna/Sit In dekorat (4).jpg","SIT In Dekorativna","Sit In dekorat (4).jpg",960,720,landscape,174
"C:/Miroslav/Antas Line priprema za sajt/SIT In Dekorativna/Sit In dekorat (5).jpg","SIT In Dekorativna","Sit In dekorat (5).jpg",960,639,landscape,161
"C:/Miroslav/Antas Line priprema za sajt/SIT In Dekorativna/Sit In dekorat (6).jpg","SIT In Dekorativna","Sit In dekorat (6).jpg",960,720,landscape,164
"C:/Miroslav/Antas Line priprema za sajt/SIT In Dekorativna/Sit In dekorat (7).jpg","SIT In Dekorativna","Sit In dekorat (7).jpg",960,720,landscape,203
"C:/Miroslav/Antas Line priprema za sajt/SIT In Dekorativna/Sit In dekorat (8).jpg","SIT In Dekorativna","Sit In dekorat (8).jpg",960,720,landscape,191
"C:/Miroslav/Antas Line priprema za sajt/SIT In Dekorativna/Sit In dekorat (9).jpg","SIT In Dekorativna","Sit In dekorat (9).jpg",640,960,portrait,127
"C:/Miroslav/Antas Line priprema za sajt/Sit-in/fifa quality.jpg",Sit-in,"fifa quality.jpg",200,200,kvadrat,8
"C:/Miroslav/Antas Line priprema za sajt/Sit-in/ITF logo.png",Sit-in,"ITF logo.png",301,167,landscape,4
"C:/Miroslav/Antas Line priprema za sajt/Sit-in/logo1.png",Sit-in,logo1.png,102,100,landscape,11
"C:/Miroslav/Antas Line priprema za sajt/Sit-in/Multisport.jpg",Sit-in,Multisport.jpg,592,388,landscape,84
"C:/Miroslav/Antas Line priprema za sajt/Sit-in/Privato Scanzo Bg 1.jpg",Sit-in,"Privato Scanzo Bg 1.jpg",640,480,landscape,60
"C:/Miroslav/Antas Line priprema za sajt/Sit-in/Sit-in multi (1).jpg",Sit-in,"Sit-in multi (1).jpg",3872,2105,landscape,3699
"C:/Miroslav/Antas Line priprema za sajt/Sit-in/Sit-in multi (1).png",Sit-in,"Sit-in multi (1).png",1280,524,landscape,1724
"C:/Miroslav/Antas Line priprema za sajt/Sit-in/Sit-in multi (2).jpg",Sit-in,"Sit-in multi (2).jpg",285,213,landscape,21
"C:/Miroslav/Antas Line priprema za sajt/Sit-in/Sit-in multi (2).png",Sit-in,"Sit-in multi (2).png",1280,524,landscape,1566
"C:/Miroslav/Antas Line priprema za sajt/Sit-in/Sit-in multi (3).png",Sit-in,"Sit-in multi (3).png",1280,524,landscape,1707
"C:/Miroslav/Antas Line priprema za sajt/Sit-in/Sit-in multi (4).png",Sit-in,"Sit-in multi (4).png",1280,524,landscape,1726
"C:/Miroslav/Antas Line priprema za sajt/Sit-in/Sit-in multi (5).png",Sit-in,"Sit-in multi (5).png",786,246,landscape,467
"C:/Miroslav/Antas Line priprema za sajt/Sit-in/Sit-in multi (6).JPG",Sit-in,"Sit-in multi (6).JPG",285,211,landscape,31
"C:/Miroslav/Antas Line priprema za sajt/Sit-in/Sit-in multi (7).png",Sit-in,"Sit-in multi (7).png",560,390,landscape,511
"C:/Miroslav/Antas Line priprema za sajt/Sit-in/Sit-In Multisport (1).jpg",Sit-in,"Sit-In Multisport (1).jpg",1000,563,landscape,195
"C:/Miroslav/Antas Line priprema za sajt/Sit-in/Sit-In Multisport (4).jpg",Sit-in,"Sit-In Multisport (4).jpg",1000,563,landscape,130
"C:/Miroslav/Antas Line priprema za sajt/Sit-in/Sit-In Multisport (7).jpg",Sit-in,"Sit-In Multisport (7).jpg",960,720,landscape,126
"C:/Miroslav/Antas Line priprema za sajt/Sit-in/trava_clip_image001.jpg",Sit-in,trava_clip_image001.jpg,500,400,landscape,95
"C:/Miroslav/Antas Line priprema za sajt/Sit-in/trava_clip_image002.jpg",Sit-in,trava_clip_image002.jpg,500,376,landscape,24
"C:/Miroslav/Antas Line priprema za sajt/SitIn Fudbal/Dacia Arena - Udine.jpg","SitIn Fudbal","Dacia Arena - Udine.jpg",800,323,landscape,158
"C:/Miroslav/Antas Line priprema za sajt/SitIn Fudbal/dacia01.jpg","SitIn Fudbal",dacia01.jpg,1261,933,landscape,882
"C:/Miroslav/Antas Line priprema za sajt/SitIn Fudbal/EURO mini fudbal.jpg","SitIn Fudbal","EURO mini fudbal.jpg",301,167,landscape,6
"C:/Miroslav/Antas Line priprema za sajt/SitIn Fudbal/fifa quality.jpg","SitIn Fudbal","fifa quality.jpg",200,200,kvadrat,8
"C:/Miroslav/Antas Line priprema za sajt/SitIn Fudbal/logo1.png","SitIn Fudbal",logo1.png,102,100,landscape,11
"C:/Miroslav/Antas Line priprema za sajt/SitIn Fudbal/mali-fudbal-n06.jpg","SitIn Fudbal",mali-fudbal-n06.jpg,600,263,landscape,57
"C:/Miroslav/Antas Line priprema za sajt/SitIn Fudbal/MINI footbal logo.png","SitIn Fudbal","MINI footbal logo.png",301,167,landscape,5
"C:/Miroslav/Antas Line priprema za sajt/SitIn Fudbal/SinIn Fudbal (1).jpg","SitIn Fudbal","SinIn Fudbal (1).jpg",960,540,landscape,59
"C:/Miroslav/Antas Line priprema za sajt/SitIn Fudbal/SinIn Fudbal (10).jpg","SitIn Fudbal","SinIn Fudbal (10).jpg",960,720,landscape,105
"C:/Miroslav/Antas Line priprema za sajt/SitIn Fudbal/SinIn Fudbal (11).jpg","SitIn Fudbal","SinIn Fudbal (11).jpg",960,540,landscape,81
"C:/Miroslav/Antas Line priprema za sajt/SitIn Fudbal/SinIn Fudbal (2).jpg","SitIn Fudbal","SinIn Fudbal (2).jpg",960,540,landscape,54
"C:/Miroslav/Antas Line priprema za sajt/SitIn Fudbal/SinIn Fudbal (3).jpg","SitIn Fudbal","SinIn Fudbal (3).jpg",960,540,landscape,53
"C:/Miroslav/Antas Line priprema za sajt/SitIn Fudbal/SinIn Fudbal (4).jpg","SitIn Fudbal","SinIn Fudbal (4).jpg",960,720,landscape,71
"C:/Miroslav/Antas Line priprema za sajt/SitIn Fudbal/SinIn Fudbal (5).jpg","SitIn Fudbal","SinIn Fudbal (5).jpg",960,720,landscape,110
"C:/Miroslav/Antas Line priprema za sajt/SitIn Fudbal/SinIn Fudbal (6).jpg","SitIn Fudbal","SinIn Fudbal (6).jpg",960,720,landscape,110
"C:/Miroslav/Antas Line priprema za sajt/SitIn Fudbal/SinIn Fudbal (7).jpg","SitIn Fudbal","SinIn Fudbal (7).jpg",720,960,portrait,93
"C:/Miroslav/Antas Line priprema za sajt/SitIn Fudbal/SinIn Fudbal (8).jpg","SitIn Fudbal","SinIn Fudbal (8).jpg",960,720,landscape,112
"C:/Miroslav/Antas Line priprema za sajt/SitIn Fudbal/SinIn Fudbal (9).jpg","SitIn Fudbal","SinIn Fudbal (9).jpg",720,960,portrait,92
"C:/Miroslav/Antas Line priprema za sajt/SitIn Fudbal/Sit-in Beograd Ada.jpg","SitIn Fudbal","Sit-in Beograd Ada.jpg",1210,908,landscape,771
"C:/Miroslav/Antas Line priprema za sajt/SitIn Fudbal/Sit-in fuca 2.png","SitIn Fudbal","Sit-in fuca 2.png",786,246,landscape,385
"C:/Miroslav/Antas Line priprema za sajt/SitIn Fudbal/Sit-in fuca.png","SitIn Fudbal","Sit-in fuca.png",627,246,landscape,457
"C:/Miroslav/Antas Line priprema za sajt/SitIn Fudbal/Sit-in multi (3).png","SitIn Fudbal","Sit-in multi (3).png",1280,524,landscape,1707
"C:/Miroslav/Antas Line priprema za sajt/SitIn Fudbal/SIT-in vestacka trava Sunrise Šabac  (21).jpg","SitIn Fudbal","SIT-in vestacka trava Sunrise Šabac  (21).jpg",3264,1836,landscape,2366
"C:/Miroslav/Antas Line priprema za sajt/SitIn Fudbal/skola-fudbala-n02.jpg","SitIn Fudbal",skola-fudbala-n02.jpg,600,263,landscape,57
"C:/Miroslav/Antas Line priprema za sajt/SitIn Fudbal/trava_clip_image002_0000.jpg","SitIn Fudbal",trava_clip_image002_0000.jpg,500,317,landscape,24
"C:/Miroslav/Antas Line priprema za sajt/vehicle-wraps_KEP-icon.png",.,vehicle-wraps_KEP-icon.png,200,200,kvadrat,2
"C:/Miroslav/Antas Line priprema za sajt/vestacka trava/football-midfield-synthetic-grass-274445.jpg","vestacka trava",football-midfield-synthetic-grass-274445.jpg,5184,3288,landscape,5658
"C:/Miroslav/Antas Line priprema za sajt/vestacka trava/vestacka trava.jpg","vestacka trava","vestacka trava.jpg",4608,3072,landscape,2137
"C:/Miroslav/Antas Line priprema za sajt/vestacka trava/vestacka-trava-za-fudbalske-terene.jpg","vestacka trava",vestacka-trava-za-fudbalske-terene.jpg,550,368,landscape,49
"C:/Miroslav/Antas Line priprema za sajt/vestacka trava/vestacka-trava.jpg","vestacka trava",vestacka-trava.jpg,1000,410,landscape,67
"C:/Miroslav/Antas Line priprema za sajt/zavrseno/BERGO Easy/BERGO brendirane ploce (24).jpg","zavrseno/BERGO Easy","BERGO brendirane ploce (24).jpg",1024,576,landscape,247
"C:/Miroslav/Antas Line priprema za sajt/zavrseno/BERGO Easy/BERGO Easy (1).jpg","zavrseno/BERGO Easy","BERGO Easy (1).jpg",720,960,portrait,93
"C:/Miroslav/Antas Line priprema za sajt/zavrseno/BERGO Easy/BERGO Easy (3).jpg","zavrseno/BERGO Easy","BERGO Easy (3).jpg",1280,853,landscape,253
"C:/Miroslav/Antas Line priprema za sajt/zavrseno/BERGO Easy/BERGO Easy.jpg","zavrseno/BERGO Easy","BERGO Easy.jpg",2816,2112,landscape,684
"C:/Miroslav/Antas Line priprema za sajt/zavrseno/BERGO Easy/bergo_easy_metalgrey_front.jpg","zavrseno/BERGO Easy",bergo_easy_metalgrey_front.jpg,2506,2496,landscape,883
"C:/Miroslav/Antas Line priprema za sajt/zavrseno/BERGO Easy/bergo_easy_metalgrey_front_flooring.jpg","zavrseno/BERGO Easy",bergo_easy_metalgrey_front_flooring.jpg,900,896,landscape,160
"C:/Miroslav/Antas Line priprema za sajt/zavrseno/BERGO Easy/bild2.jpg","zavrseno/BERGO Easy",bild2.jpg,1632,1224,landscape,259
"C:/Miroslav/Antas Line priprema za sajt/zavrseno/BERGO Easy/Posten Swede.jpg","zavrseno/BERGO Easy","Posten Swede.jpg",3072,2048,landscape,886
"C:/Miroslav/Antas Line priprema za sajt/zavrseno/BERGO Easy/Promocija Audi (2).jpg","zavrseno/BERGO Easy","Promocija Audi (2).jpg",480,294,landscape,42
"C:/Miroslav/Antas Line priprema za sajt/zavrseno/BERGO Easy/Stand boje Easy.png","zavrseno/BERGO Easy","Stand boje Easy.png",752,254,landscape,5
"C:/Miroslav/Antas Line priprema za sajt/zavrseno/BERGO Easy/Veltins 10.jpg","zavrseno/BERGO Easy","Veltins 10.jpg",1152,872,landscape,216
"C:/Miroslav/Antas Line priprema za sajt/zavrseno/BERGO Easy/XL stand.jpg","zavrseno/BERGO Easy","XL stand.jpg",640,640,kvadrat,172
"C:/Miroslav/Antas Line priprema za sajt/zavrseno/BERGO Elite/1/bergo-elite-podovi.jpg","zavrseno/BERGO Elite/1",bergo-elite-podovi.jpg,788,322,landscape,34
"C:/Miroslav/Antas Line priprema za sajt/zavrseno/BERGO Elite/1/brendiranje-podova-bergo-plocama.jpg","zavrseno/BERGO Elite/1",brendiranje-podova-bergo-plocama.jpg,750,482,landscape,72
"C:/Miroslav/Antas Line priprema za sajt/zavrseno/BERGO Elite/1/pod-u-kancelariji.jpg","zavrseno/BERGO Elite/1",pod-u-kancelariji.jpg,750,482,landscape,75
"C:/Miroslav/Antas Line priprema za sajt/zavrseno/BERGO Elite/1/pod-za-baste.jpg","zavrseno/BERGO Elite/1",pod-za-baste.jpg,750,482,landscape,71
"C:/Miroslav/Antas Line priprema za sajt/zavrseno/BERGO Elite/1/pod-za-spoljasnju-terasu.jpg","zavrseno/BERGO Elite/1",pod-za-spoljasnju-terasu.jpg,456,293,landscape,29
"C:/Miroslav/Antas Line priprema za sajt/zavrseno/BERGO Elite/1/pod-za-terasu-bergo-elite.jpg","zavrseno/BERGO Elite/1",pod-za-terasu-bergo-elite.jpg,699,449,landscape,66
"C:/Miroslav/Antas Line priprema za sajt/zavrseno/BERGO Elite/1/pod-za-terasu.jpg","zavrseno/BERGO Elite/1",pod-za-terasu.jpg,750,482,landscape,86
"C:/Miroslav/Antas Line priprema za sajt/zavrseno/BERGO Elite/1/podovi-za-balkon.jpg","zavrseno/BERGO Elite/1",podovi-za-balkon.jpg,456,294,landscape,30
"C:/Miroslav/Antas Line priprema za sajt/zavrseno/BERGO Elite/1/podovi-za-cvecaru.jpg","zavrseno/BERGO Elite/1",podovi-za-cvecaru.jpg,750,482,landscape,118
"C:/Miroslav/Antas Line priprema za sajt/zavrseno/BERGO Elite/1/terasni-pod.jpg","zavrseno/BERGO Elite/1",terasni-pod.jpg,456,294,landscape,41
"C:/Miroslav/Antas Line priprema za sajt/zavrseno/BERGO Elite/1/terasni-podovi.jpg","zavrseno/BERGO Elite/1",terasni-podovi.jpg,750,481,landscape,38
"C:/Miroslav/Antas Line priprema za sajt/zavrseno/BERGO Elite/balkonboden_elite_sienna_4.jpg","zavrseno/BERGO Elite",balkonboden_elite_sienna_4.jpg,456,394,landscape,72
"C:/Miroslav/Antas Line priprema za sajt/zavrseno/BERGO Elite/BERGO brendirane ploce (4).jpg","zavrseno/BERGO Elite","BERGO brendirane ploce (4).jpg",1024,576,landscape,218
"C:/Miroslav/Antas Line priprema za sajt/zavrseno/BERGO Elite/Bergo_Elite (3).jpg","zavrseno/BERGO Elite","Bergo_Elite (3).jpg",3872,2592,landscape,688
"C:/Miroslav/Antas Line priprema za sajt/zavrseno/BERGO Elite/dachgarten_1.jpg","zavrseno/BERGO Elite",dachgarten_1.jpg,456,342,landscape,76
"C:/Miroslav/Antas Line priprema za sajt/zavrseno/BERGO Elite/Elite-Privat-09.jpg","zavrseno/BERGO Elite",Elite-Privat-09.jpg,824,641,landscape,52
"C:/Miroslav/Antas Line priprema za sajt/zavrseno/BERGO Elite/elite_bergo_silk_black.jpg","zavrseno/BERGO Elite",elite_bergo_silk_black.jpg,500,500,kvadrat,37
"C:/Miroslav/Antas Line priprema za sajt/zavrseno/BERGO Elite/elite_terrasse_2_farben_2.jpg","zavrseno/BERGO Elite",elite_terrasse_2_farben_2.jpg,456,305,landscape,57
"C:/Miroslav/Antas Line priprema za sajt/zavrseno/BERGO Elite/podne-obloge-elite-12.jpg","zavrseno/BERGO Elite",podne-obloge-elite-12.jpg,960,540,landscape,231
"C:/Miroslav/Antas Line priprema za sajt/zavrseno/BERGO Elite/podne-obloge-elite-5.jpg","zavrseno/BERGO Elite",podne-obloge-elite-5.jpg,699,960,portrait,137
"C:/Miroslav/Antas Line priprema za sajt/zavrseno/BERGO Elite/podne-obloge-elite-6.jpg","zavrseno/BERGO Elite",podne-obloge-elite-6.jpg,960,540,landscape,190
"C:/Miroslav/Antas Line priprema za sajt/zavrseno/BERGO Elite/podne-obloge-elite-8.jpg","zavrseno/BERGO Elite",podne-obloge-elite-8.jpg,960,540,landscape,141
"C:/Miroslav/Antas Line priprema za sajt/zavrseno/BERGO Elite/Standardne boje Elite.png","zavrseno/BERGO Elite","Standardne boje Elite.png",806,126,landscape,19
"C:/Miroslav/Antas Line priprema za sajt/zavrseno/BERGO Elite/Standardne-boje-Elite.jpg","zavrseno/BERGO Elite",Standardne-boje-Elite.jpg,806,126,landscape,10
"C:/Miroslav/Antas Line priprema za sajt/zavrseno/BERGO Multisport/15-year_bergo.png","zavrseno/BERGO Multisport",15-year_bergo.png,104,104,kvadrat,9
"C:/Miroslav/Antas Line priprema za sajt/zavrseno/BERGO Multisport/2010-05-08 001.jpg","zavrseno/BERGO Multisport","2010-05-08 001.jpg",800,536,landscape,133
"C:/Miroslav/Antas Line priprema za sajt/zavrseno/BERGO Multisport/BERGO indoor.jpg","zavrseno/BERGO Multisport","BERGO indoor.jpg",960,720,landscape,54
"C:/Miroslav/Antas Line priprema za sajt/zavrseno/BERGO Multisport/BERGO Multi za sportske hale (22).jpg","zavrseno/BERGO Multisport","BERGO Multi za sportske hale (22).jpg",2592,1936,landscape,690
"C:/Miroslav/Antas Line priprema za sajt/zavrseno/BERGO Multisport/BERGO Srebrenica.jpg","zavrseno/BERGO Multisport","BERGO Srebrenica.jpg",960,720,landscape,123
"C:/Miroslav/Antas Line priprema za sajt/zavrseno/BERGO Multisport/BERGO Volleyball (10).jpg","zavrseno/BERGO Multisport","BERGO Volleyball (10).jpg",1360,989,landscape,228
"C:/Miroslav/Antas Line priprema za sajt/zavrseno/BERGO Multisport/bergoflooring_logo.png","zavrseno/BERGO Multisport",bergoflooring_logo.png,113,114,portrait,8
"C:/Miroslav/Antas Line priprema za sajt/zavrseno/BERGO Multisport/e_121-3.jpg","zavrseno/BERGO Multisport",e_121-3.jpg,1360,989,landscape,212
"C:/Miroslav/Antas Line priprema za sajt/zavrseno/BERGO Multisport/img_9042.jpg","zavrseno/BERGO Multisport",img_9042.jpg,2126,1417,landscape,2447
"C:/Miroslav/Antas Line priprema za sajt/zavrseno/BERGO Multisport/ispunjava FIBA standard.jpg","zavrseno/BERGO Multisport","ispunjava FIBA standard.jpg",101,101,kvadrat,7
"C:/Miroslav/Antas Line priprema za sajt/zavrseno/BERGO Multisport/Logo-na-podlozi-za-fufbal.jpg","zavrseno/BERGO Multisport",Logo-na-podlozi-za-fufbal.jpg,417,278,landscape,96
"C:/Miroslav/Antas Line priprema za sajt/zavrseno/BERGO Multisport/Mali teren BIS (27).jpg","zavrseno/BERGO Multisport","Mali teren BIS (27).jpg",1280,960,landscape,604
"C:/Miroslav/Antas Line priprema za sajt/zavrseno/BERGO Multisport/Maxima Zlatibor (44).jpg","zavrseno/BERGO Multisport","Maxima Zlatibor (44).jpg",3264,1836,landscape,2070
"C:/Miroslav/Antas Line priprema za sajt/zavrseno/BERGO Multisport/multisport.jpg","zavrseno/BERGO Multisport",multisport.jpg,552,700,portrait,107
"C:/Miroslav/Antas Line priprema za sajt/zavrseno/BERGO Multisport/Petrovac - teren pored mora (134).jpg","zavrseno/BERGO Multisport","Petrovac - teren pored mora (134).jpg",3264,1836,landscape,3033
"C:/Miroslav/Antas Line priprema za sajt/zavrseno/BERGO Multisport/sbbf_ligga.jpg","zavrseno/BERGO Multisport",sbbf_ligga.jpg,189,95,landscape,7
"C:/Miroslav/Antas Line priprema za sajt/zavrseno/BERGO Multisport/Spanulis.jpg","zavrseno/BERGO Multisport",Spanulis.jpg,458,259,landscape,80
"C:/Miroslav/Antas Line priprema za sajt/zavrseno/BERGO Multisport/Standardne boje.jpg","zavrseno/BERGO Multisport","Standardne boje.jpg",870,367,landscape,42
"C:/Miroslav/Antas Line priprema za sajt/zavrseno/BERGO Multisport/tuzla1.jpg","zavrseno/BERGO Multisport",tuzla1.jpg,960,720,landscape,178
"C:/Miroslav/Antas Line priprema za sajt/zavrseno/BERGO Unique/!/bergo-nique-poodne-ploce.jpg","zavrseno/BERGO Unique/!",bergo-nique-poodne-ploce.jpg,700,451,landscape,124
"C:/Miroslav/Antas Line priprema za sajt/zavrseno/BERGO Unique/!/BERGO-Unique-ploca.jpg","zavrseno/BERGO Unique/!",BERGO-Unique-ploca.jpg,300,288,landscape,43
"C:/Miroslav/Antas Line priprema za sajt/zavrseno/BERGO Unique/!/Piazza-Ed-Mortimer-After-4.jpg","zavrseno/BERGO Unique/!",Piazza-Ed-Mortimer-After-4.jpg,700,450,landscape,124
"C:/Miroslav/Antas Line priprema za sajt/zavrseno/BERGO Unique/!/ploce-za-pod.jpg","zavrseno/BERGO Unique/!",ploce-za-pod.jpg,700,450,landscape,54
"C:/Miroslav/Antas Line priprema za sajt/zavrseno/BERGO Unique/!/ploce-za-terasu-bergo.jpg","zavrseno/BERGO Unique/!",ploce-za-terasu-bergo.jpg,700,450,landscape,112
"C:/Miroslav/Antas Line priprema za sajt/zavrseno/BERGO Unique/!/podne-ploce-bergo-unique-za-bazene.jpg","zavrseno/BERGO Unique/!",podne-ploce-bergo-unique-za-bazene.jpg,700,450,landscape,46
"C:/Miroslav/Antas Line priprema za sajt/zavrseno/BERGO Unique/!/podne-ploce-bergo-unique.jpg","zavrseno/BERGO Unique/!",podne-ploce-bergo-unique.jpg,700,450,landscape,54
"C:/Miroslav/Antas Line priprema za sajt/zavrseno/BERGO Unique/!/podne_obloge_44.jpg","zavrseno/BERGO Unique/!",podne_obloge_44.jpg,700,450,landscape,69
"C:/Miroslav/Antas Line priprema za sajt/zavrseno/BERGO Unique/!/terasne-ploce-bergo-unique.jpg","zavrseno/BERGO Unique/!",terasne-ploce-bergo-unique.jpg,700,450,landscape,120
"C:/Miroslav/Antas Line priprema za sajt/zavrseno/BERGO Unique/BERGO Unique (110).jpg","zavrseno/BERGO Unique","BERGO Unique (110).jpg",960,720,landscape,174
"C:/Miroslav/Antas Line priprema za sajt/zavrseno/BERGO Unique/BERGO Unique (44).jpg","zavrseno/BERGO Unique","BERGO Unique (44).jpg",960,909,landscape,158
"C:/Miroslav/Antas Line priprema za sajt/zavrseno/BERGO Unique/BERGO Unique (76).jpg","zavrseno/BERGO Unique","BERGO Unique (76).jpg",960,540,landscape,120
"C:/Miroslav/Antas Line priprema za sajt/zavrseno/BERGO Unique/bergo-unique-head.jpg","zavrseno/BERGO Unique",bergo-unique-head.jpg,788,322,landscape,88
"C:/Miroslav/Antas Line priprema za sajt/zavrseno/BERGO Unique/Bergo_Unique (6).jpg","zavrseno/BERGO Unique","Bergo_Unique (6).jpg",3872,2592,landscape,1464
"C:/Miroslav/Antas Line priprema za sajt/zavrseno/BERGO Unique/DSC_0028.jpg","zavrseno/BERGO Unique",DSC_0028.jpg,2752,2292,landscape,1137
"C:/Miroslav/Antas Line priprema za sajt/zavrseno/BERGO Unique/e_385.jpg","zavrseno/BERGO Unique",e_385.jpg,1360,989,landscape,286
"C:/Miroslav/Antas Line priprema za sajt/zavrseno/BERGO Unique/IMG_6175.jpg","zavrseno/BERGO Unique",IMG_6175.jpg,4032,3024,landscape,2529
"C:/Miroslav/Antas Line priprema za sajt/zavrseno/BERGO Unique/Piazza Ed Mortimer After 4.jpg","zavrseno/BERGO Unique","Piazza Ed Mortimer After 4.jpg",4508,3431,landscape,2971
"C:/Miroslav/Antas Line priprema za sajt/zavrseno/BERGO Unique/podne_obloge_44.jpg","zavrseno/BERGO Unique",podne_obloge_44.jpg,1642,1094,landscape,537
"C:/Miroslav/Antas Line priprema za sajt/zavrseno/BERGO Unique/Standardne boje Unique.png","zavrseno/BERGO Unique","Standardne boje Unique.png",806,123,landscape,7
"C:/Miroslav/Antas Line priprema za sajt/zavrseno/BERGO XL/!/Bergo-Xl-1.jpg","zavrseno/BERGO XL/!",Bergo-Xl-1.jpg,300,300,kvadrat,85
"C:/Miroslav/Antas Line priprema za sajt/zavrseno/BERGO XL/!/Bergo-Xl.jpg","zavrseno/BERGO XL/!",Bergo-Xl.jpg,788,322,landscape,97
"C:/Miroslav/Antas Line priprema za sajt/zavrseno/BERGO XL/!/neklizajuca-podloga-za-bazene.jpg","zavrseno/BERGO XL/!",neklizajuca-podloga-za-bazene.jpg,750,482,landscape,113
"C:/Miroslav/Antas Line priprema za sajt/zavrseno/BERGO XL/!/pod-ispred-trznog-centra.jpg","zavrseno/BERGO XL/!",pod-ispred-trznog-centra.jpg,480,308,landscape,47
"C:/Miroslav/Antas Line priprema za sajt/zavrseno/BERGO XL/!/pod-na-terasi-kafica.jpg","zavrseno/BERGO XL/!",pod-na-terasi-kafica.jpg,750,482,landscape,97
"C:/Miroslav/Antas Line priprema za sajt/zavrseno/BERGO XL/!/Pod-za-terasu.jpg","zavrseno/BERGO XL/!",Pod-za-terasu.jpg,512,329,landscape,110
"C:/Miroslav/Antas Line priprema za sajt/zavrseno/BERGO XL/!/podloge-za-spoljasnju-terasu.jpg","zavrseno/BERGO XL/!",podloge-za-spoljasnju-terasu.jpg,750,481,landscape,150
"C:/Miroslav/Antas Line priprema za sajt/zavrseno/BERGO XL/!/podovi-u-toaletu.jpg","zavrseno/BERGO XL/!",podovi-u-toaletu.jpg,750,481,landscape,157
"C:/Miroslav/Antas Line priprema za sajt/zavrseno/BERGO XL/!/podovi-za-terase-i-balkone.jpg","zavrseno/BERGO XL/!",podovi-za-terase-i-balkone.jpg,480,309,landscape,76
"C:/Miroslav/Antas Line priprema za sajt/zavrseno/BERGO XL/!/podovi-za-terase-kafica.jpg","zavrseno/BERGO XL/!",podovi-za-terase-kafica.jpg,750,481,landscape,116
"C:/Miroslav/Antas Line priprema za sajt/zavrseno/BERGO XL/!/podovi-za-terase-za-spoljasnju-upotrebu.jpg","zavrseno/BERGO XL/!",podovi-za-terase-za-spoljasnju-upotrebu.jpg,750,482,landscape,150
"C:/Miroslav/Antas Line priprema za sajt/zavrseno/BERGO XL/!/podovi-za-terase.jpg","zavrseno/BERGO XL/!",podovi-za-terase.jpg,750,482,landscape,165
"C:/Miroslav/Antas Line priprema za sajt/zavrseno/BERGO XL/!/pointer.png","zavrseno/BERGO XL/!",pointer.png,30,30,kvadrat,3
"C:/Miroslav/Antas Line priprema za sajt/zavrseno/BERGO XL/!/standardne-boje-podloga.jpg","zavrseno/BERGO XL/!",standardne-boje-podloga.jpg,1158,310,landscape,18
"C:/Miroslav/Antas Line priprema za sajt/zavrseno/BERGO XL/10year guarantee.png","zavrseno/BERGO XL","10year guarantee.png",162,142,landscape,7
"C:/Miroslav/Antas Line priprema za sajt/zavrseno/BERGO XL/BERGO XL  (103).jpg","zavrseno/BERGO XL","BERGO XL  (103).jpg",960,956,landscape,190
"C:/Miroslav/Antas Line priprema za sajt/zavrseno/BERGO XL/BERGO XL 147 (2).jpg","zavrseno/BERGO XL","BERGO XL 147 (2).jpg",564,329,landscape,64
"C:/Miroslav/Antas Line priprema za sajt/zavrseno/BERGO XL/BERGO-XL-podovi-za-terasu.jpg","zavrseno/BERGO XL",BERGO-XL-podovi-za-terasu.jpg,300,299,landscape,126
"C:/Miroslav/Antas Line priprema za sajt/zavrseno/BERGO XL/Bergo_Strandudden_3.jpg","zavrseno/BERGO XL",Bergo_Strandudden_3.jpg,5000,2500,landscape,2046
"C:/Miroslav/Antas Line priprema za sajt/zavrseno/BERGO XL/Bergo_XL_11.jpg","zavrseno/BERGO XL",Bergo_XL_11.jpg,960,660,landscape,230
"C:/Miroslav/Antas Line priprema za sajt/zavrseno/BERGO XL/Bergo_XL_warm.jpg","zavrseno/BERGO XL",Bergo_XL_warm.jpg,480,447,landscape,90
"C:/Miroslav/Antas Line priprema za sajt/zavrseno/BERGO XL/Caffe City.jpg","zavrseno/BERGO XL","Caffe City.jpg",480,360,landscape,42
"C:/Miroslav/Antas Line priprema za sajt/zavrseno/BERGO XL/Client_06_Germany.jpg","zavrseno/BERGO XL",Client_06_Germany.jpg,1920,1920,kvadrat,659
"C:/Miroslav/Antas Line priprema za sajt/zavrseno/BERGO XL/Puro (7 of 182).jpg","zavrseno/BERGO XL","Puro (7 of 182).jpg",2224,1920,landscape,1034
"C:/Miroslav/Antas Line priprema za sajt/zavrseno/BERGO XL/Spolja1.jpg","zavrseno/BERGO XL",Spolja1.jpg,960,960,kvadrat,225
"C:/Miroslav/Antas Line priprema za sajt/zavrseno/BERGO XL/standardne boje.png","zavrseno/BERGO XL","standardne boje.png",1158,310,landscape,15
"C:/Miroslav/Antas Line priprema za sajt/zavrseno/BERGO XL/XL Cedar Wood.jpg","zavrseno/BERGO XL","XL Cedar Wood.jpg",795,540,landscape,95
"C:/Miroslav/Antas Line priprema za sajt/zavrseno/BERGO XL/XL-CW  ShadowG 6.jpg","zavrseno/BERGO XL","XL-CW  ShadowG 6.jpg",3648,2736,landscape,1627
